year,raceName,driverName,constructorName,championshipPosition,championshipPoints,q1,q2,q3,grid,positionOrder,practiceTime
2021,Bahrain Grand Prix,HAM,Mercedes,1,25.0,90.617,90.08500000000001,89.385,2,1,92.617
2021,Bahrain Grand Prix,BOT,Mercedes,3,16.0,91.2,90.186,89.586,3,3,93.2
2021,Emilia Romagna Grand Prix,HAM,Mercedes,1,44.0,74.82300000000001,74.81700000000001,74.411,1,2,76.82300000000001
2021,Emilia Romagna Grand Prix,BOT,Mercedes,5,16.0,74.672,74.905,74.898,8,18,76.672
2021,Portuguese Grand Prix,HAM,Mercedes,1,69.0,78.857,77.968,78.355,2,1,80.857
2021,Portuguese Grand Prix,BOT,Mercedes,4,32.0,78.72200000000001,78.458,78.348,1,3,80.72200000000001
2021,Spanish Grand Prix,HAM,Mercedes,1,94.0,78.245,77.166,76.741,1,1,80.245
2021,Spanish Grand Prix,BOT,Mercedes,3,47.0,78.005,77.142,76.873,3,3,80.005
2021,Monaco Grand Prix,HAM,Mercedes,2,101.0,71.622,71.116,71.095,7,7,73.622
2021,Monaco Grand Prix,BOT,Mercedes,4,47.0,70.938,70.695,70.601,3,19,72.938
2021,Azerbaijan Grand Prix,HAM,Mercedes,2,101.0,101.545,101.634,101.45,2,15,103.545
2021,Azerbaijan Grand Prix,BOT,Mercedes,6,47.0,102.701,102.106,102.65899999999999,10,12,104.701
2021,French Grand Prix,HAM,Mercedes,2,119.0,91.237,90.788,90.248,2,2,93.237
2021,French Grand Prix,BOT,Mercedes,5,59.0,91.669,90.735,90.376,3,4,93.669
2021,Styrian Grand Prix,HAM,Mercedes,2,138.0,64.672,64.512,64.06700000000001,2,2,66.672
2021,Styrian Grand Prix,BOT,Mercedes,5,74.0,64.537,64.443,64.035,5,3,66.537
2021,Austrian Grand Prix,HAM,Mercedes,2,150.0,64.506,64.258,64.014,4,4,66.506
2021,Austrian Grand Prix,BOT,Mercedes,5,92.0,64.563,64.376,64.049,5,2,66.563
2021,British Grand Prix,HAM,Mercedes,2,177.0,86.786,86.023,86.134,2,1,88.786
2021,British Grand Prix,BOT,Mercedes,4,108.0,87.487,86.764,86.328,3,3,89.487
2021,Hungarian Grand Prix,HAM,Mercedes,1,195.0,76.424,76.553,75.419,1,2,78.424
2021,Hungarian Grand Prix,BOT,Mercedes,4,108.0,76.569,76.702,75.734,2,16,78.569
2021,Belgian Grand Prix,HAM,Mercedes,1,202.5,119.218,116.229,120.099,3,3,121.218
2021,Belgian Grand Prix,BOT,Mercedes,4,108.0,119.87,116.295,122.502,13,12,121.87
2021,Dutch Grand Prix,HAM,Mercedes,2,221.5,70.114,69.726,68.923,2,2,72.114
2021,Dutch Grand Prix,BOT,Mercedes,3,123.0,70.219,69.769,69.222,3,3,72.219
2021,Italian Grand Prix,HAM,Mercedes,2,221.5,80.543,79.936,79.651,4,17,82.543
2021,Italian Grand Prix,BOT,Mercedes,3,141.0,80.685,80.032,79.555,19,3,82.685
2021,Russian Grand Prix,HAM,Mercedes,1,246.5,105.99199999999999,105.12899999999999,104.05,4,1,107.99199999999999
2021,Russian Grand Prix,BOT,Mercedes,3,151.0,106.396,105.306,104.71000000000001,16,5,108.396
2021,Turkish Grand Prix,HAM,Mercedes,2,256.5,84.58500000000001,83.082,82.868,11,5,86.58500000000001
2021,Turkish Grand Prix,BOT,Mercedes,3,177.0,85.047,83.57900000000001,82.998,1,1,87.047
2021,United States Grand Prix,HAM,Mercedes,2,275.5,94.57900000000001,93.797,93.119,2,2,96.57900000000001
2021,United States Grand Prix,BOT,Mercedes,3,185.0,94.59,93.959,93.475,9,6,96.59
2021,Mexico City Grand Prix,HAM,Mercedes,2,293.5,77.207,76.474,76.02,2,2,79.207
2021,Mexico City Grand Prix,BOT,Mercedes,3,185.0,76.727,76.864,75.875,1,15,78.727
2021,São Paulo Grand Prix,HAM,Mercedes,2,318.5,68.733,68.068,67.934,10,1,70.733
2021,São Paulo Grand Prix,BOT,Mercedes,3,203.0,69.03999999999999,68.426,68.469,1,3,71.03999999999999
2021,Qatar Grand Prix,HAM,Mercedes,2,343.5,81.901,81.682,80.827,1,1,83.901
2021,Qatar Grand Prix,BOT,Mercedes,3,203.0,82.01599999999999,81.991,81.47800000000001,6,20,84.01599999999999
2021,Saudi Arabian Grand Prix,HAM,Mercedes,2,369.5,88.46600000000001,87.712,87.511,1,1,90.46600000000001
2021,Saudi Arabian Grand Prix,BOT,Mercedes,3,218.0,88.057,88.054,87.622,2,3,90.057
2021,Abu Dhabi Grand Prix,HAM,Mercedes,2,387.5,82.845,83.145,82.48,2,2,84.845
2021,Abu Dhabi Grand Prix,BOT,Mercedes,3,226.0,83.117,83.246,83.036,6,6,85.117
2022,Bahrain Grand Prix,HAM,Mercedes,3,15.0,92.285,91.048,91.238,5,3,94.285
2022,Bahrain Grand Prix,RUS,Mercedes,4,12.0,92.269,91.252,92.21600000000001,9,4,94.269
2022,Saudi Arabian Grand Prix,HAM,Mercedes,5,16.0,90.343,-1.0,-1.0,15,10,92.343
2022,Saudi Arabian Grand Prix,RUS,Mercedes,4,22.0,89.68,89.618,89.104,6,5,91.68
2022,Australian Grand Prix,HAM,Mercedes,5,28.0,79.401,79.106,78.825,5,4,81.401
2022,Australian Grand Prix,RUS,Mercedes,2,37.0,79.405,79.076,78.93299999999999,6,3,81.405
2022,Emilia Romagna Grand Prix,HAM,Mercedes,7,28.0,80.47,81.138,-1.0,14,13,82.47
2022,Emilia Romagna Grand Prix,RUS,Mercedes,4,49.0,80.383,80.757,-1.0,11,4,82.383
2022,Miami Grand Prix,HAM,Mercedes,6,36.0,90.388,89.797,89.625,6,6,92.388
2022,Miami Grand Prix,RUS,Mercedes,4,59.0,90.49,90.173,-1.0,12,5,92.49
2022,Spanish Grand Prix,HAM,Mercedes,6,46.0,80.252,79.794,79.512,6,5,82.252
2022,Spanish Grand Prix,RUS,Mercedes,4,74.0,80.218,79.47,79.393,4,3,82.218
2022,Monaco Grand Prix,HAM,Mercedes,6,50.0,73.444,72.595,72.56,8,8,75.444
2022,Monaco Grand Prix,RUS,Mercedes,4,84.0,72.787,72.617,72.112,6,5,74.787
2022,Azerbaijan Grand Prix,HAM,Mercedes,6,62.0,103.939,103.182,102.924,7,4,105.939
2022,Azerbaijan Grand Prix,RUS,Mercedes,4,99.0,103.75399999999999,103.281,102.712,5,3,105.75399999999999
2022,Canadian Grand Prix,HAM,Mercedes,6,77.0,93.84100000000001,85.543,82.89099999999999,4,3,95.84100000000001
2022,Canadian Grand Prix,RUS,Mercedes,4,111.0,93.16,84.95,83.557,8,4,95.16
2022,British Grand Prix,HAM,Mercedes,6,93.0,100.428,101.062,101.995,5,3,102.428
2022,British Grand Prix,RUS,Mercedes,5,111.0,100.02799999999999,101.725,102.161,8,18,102.02799999999999
2022,Austrian Grand Prix,HAM,Mercedes,6,109.0,66.079,65.475,73.151,8,3,68.079
2022,Austrian Grand Prix,RUS,Mercedes,5,128.0,66.235,65.697,65.431,4,4,68.235
2022,French Grand Prix,HAM,Mercedes,6,127.0,93.041,92.274,91.765,4,2,95.041
2022,French Grand Prix,RUS,Mercedes,5,143.0,93.10900000000001,92.63300000000001,92.131,6,3,95.10900000000001
2022,Hungarian Grand Prix,HAM,Mercedes,6,146.0,78.374,78.035,78.142,7,2,80.374
2022,Hungarian Grand Prix,RUS,Mercedes,4,158.0,78.407,78.154,77.377,1,3,80.407
2022,Belgian Grand Prix,HAM,Mercedes,6,146.0,105.73599999999999,105.42,105.503,4,20,107.73599999999999
2022,Belgian Grand Prix,RUS,Mercedes,5,170.0,105.65,105.461,105.77600000000001,5,4,107.65
2022,Dutch Grand Prix,HAM,Mercedes,6,158.0,71.331,71.075,70.648,4,4,73.331
2022,Dutch Grand Prix,RUS,Mercedes,4,188.0,71.561,70.824,71.147,6,2,73.561
2022,Italian Grand Prix,HAM,Mercedes,6,168.0,82.048,81.708,81.524,19,5,84.048
2022,Italian Grand Prix,RUS,Mercedes,4,203.0,81.785,81.747,81.542,2,3,83.785
2022,Singapore Grand Prix,HAM,Mercedes,6,170.0,113.161,112.691,109.46600000000001,3,9,115.161
2022,Singapore Grand Prix,RUS,Mercedes,4,203.0,114.63300000000001,114.012,-1.0,0,14,116.63300000000001
2022,Japanese Grand Prix,HAM,Mercedes,6,180.0,90.906,90.443,90.261,6,5,92.906
2022,Japanese Grand Prix,RUS,Mercedes,4,207.0,90.865,90.465,90.389,8,8,92.865
2022,United States Grand Prix,HAM,Mercedes,6,198.0,96.148,95.732,94.947,3,2,98.148
2022,United States Grand Prix,RUS,Mercedes,4,218.0,96.195,95.69200000000001,94.988,4,5,98.195
2022,Mexico City Grand Prix,HAM,Mercedes,5,216.0,79.169,78.55199999999999,78.084,3,2,81.169
2022,Mexico City Grand Prix,RUS,Mercedes,4,231.0,79.583,78.565,78.07900000000001,2,4,81.583
2022,Brazilian Grand Prix,HAM,Mercedes,5,240.0,73.403,71.539,72.611,2,2,75.403
2022,Brazilian Grand Prix,RUS,Mercedes,4,265.0,74.42699999999999,71.318,72.059,1,1,76.42699999999999
2022,Abu Dhabi Grand Prix,HAM,Mercedes,6,240.0,85.594,84.774,84.508,5,18,87.594
2022,Abu Dhabi Grand Prix,RUS,Mercedes,4,275.0,85.545,84.94,84.511,6,5,87.545
2023,Bahrain Grand Prix,HAM,Mercedes,5,10.0,91.543,90.513,90.384,7,5,94.917
2023,Bahrain Grand Prix,RUS,Mercedes,7,6.0,91.057,90.507,90.34,6,7,94.966
2023,Saudi Arabian Grand Prix,HAM,Mercedes,5,20.0,89.689,89.374,89.223,7,5,90.787
2023,Saudi Arabian Grand Prix,RUS,Mercedes,6,18.0,89.592,89.132,88.857,3,4,90.771
2023,Australian Grand Prix,HAM,Mercedes,4,38.0,77.689,77.551,77.104,3,2,79.223
2023,Australian Grand Prix,RUS,Mercedes,7,18.0,77.654,77.513,76.968,2,18,79.699
2023,Azerbaijan Grand Prix,HAM,Mercedes,4,48.0,102.113,101.65,101.17699999999999,5,6,103.798
2023,Azerbaijan Grand Prix,RUS,Mercedes,7,28.0,102.07300000000001,101.654,-1.0,11,8,105.082
2023,Miami Grand Prix,HAM,Mercedes,4,56.0,87.846,87.975,-1.0,13,6,90.337
2023,Miami Grand Prix,RUS,Mercedes,6,40.0,88.086,87.743,87.804,6,4,90.125
2023,Monaco Grand Prix,HAM,Mercedes,4,69.0,72.872,72.156,71.725,5,4,74.035
2023,Monaco Grand Prix,RUS,Mercedes,5,50.0,72.769,72.151,71.964,8,5,75.066
2023,Spanish Grand Prix,HAM,Mercedes,4,87.0,72.937,72.999,72.818,4,2,75.845
2023,Spanish Grand Prix,RUS,Mercedes,5,65.0,73.326,73.447,-1.0,12,3,75.753
2023,Canadian Grand Prix,HAM,Mercedes,4,102.0,81.554,80.426,87.627,3,3,0.0
2023,Canadian Grand Prix,RUS,Mercedes,6,65.0,81.798,80.098,87.893,4,19,0.0
2023,Austrian Grand Prix,HAM,Mercedes,4,106.0,65.673,65.188,64.819,5,8,67.673
2023,Austrian Grand Prix,RUS,Mercedes,7,72.0,65.686,65.428,-1.0,11,7,67.686
2023,British Grand Prix,HAM,Mercedes,4,121.0,89.41499999999999,88.545,87.211,7,3,91.41499999999999
2023,British Grand Prix,RUS,Mercedes,6,82.0,89.412,88.782,87.155,6,5,91.412
2023,Hungarian Grand Prix,HAM,Mercedes,4,133.0,78.577,77.42699999999999,76.60900000000001,1,4,0.0
2023,Hungarian Grand Prix,RUS,Mercedes,5,90.0,79.027,-1.0,-1.0,18,6,98.795
2023,Belgian Grand Prix,HAM,Mercedes,4,148.0,118.563,112.345,107.087,3,4,0.0
2023,Belgian Grand Prix,RUS,Mercedes,6,99.0,119.035,112.60499999999999,107.805,8,6,0.0
2021,Bahrain Grand Prix,ALO,Alpine F1 Team,19,0.0,90.863,90.595,90.249,9,19,92.863
2021,Bahrain Grand Prix,OCO,Alpine F1 Team,13,0.0,91.724,-1.0,-1.0,16,13,93.724
2021,Emilia Romagna Grand Prix,ALO,Alpine F1 Team,13,1.0,75.832,75.593,-1.0,15,10,77.832
2021,Emilia Romagna Grand Prix,OCO,Alpine F1 Team,12,2.0,75.385,75.117,75.21000000000001,9,9,77.385
2021,Portuguese Grand Prix,ALO,Alpine F1 Team,12,5.0,79.72800000000001,79.456,-1.0,13,8,81.72800000000001
2021,Portuguese Grand Prix,OCO,Alpine F1 Team,9,8.0,79.092,78.586,79.042,6,7,81.092
2021,Spanish Grand Prix,ALO,Alpine F1 Team,12,5.0,78.281,77.96600000000001,78.14699999999999,10,17,80.281
2021,Spanish Grand Prix,OCO,Alpine F1 Team,9,10.0,78.281,77.743,77.58,5,9,80.281
2021,Monaco Grand Prix,ALO,Alpine F1 Team,13,5.0,72.205,-1.0,-1.0,17,13,74.205
2021,Monaco Grand Prix,OCO,Alpine F1 Team,10,12.0,71.74,71.486,-1.0,11,9,73.74
2021,Azerbaijan Grand Prix,ALO,Alpine F1 Team,11,13.0,102.934,102.195,102.327,8,6,104.934
2021,Azerbaijan Grand Prix,OCO,Alpine F1 Team,12,12.0,102.426,102.273,-1.0,12,20,104.426
2021,French Grand Prix,ALO,Alpine F1 Team,11,17.0,92.158,91.549,91.34,9,8,94.158
2021,French Grand Prix,OCO,Alpine F1 Team,12,12.0,92.13900000000001,91.736,-1.0,11,14,94.13900000000001
2021,Styrian Grand Prix,ALO,Alpine F1 Team,11,19.0,64.971,64.582,64.574,8,9,66.971
2021,Styrian Grand Prix,OCO,Alpine F1 Team,13,12.0,65.217,-1.0,-1.0,17,14,67.217
2021,Austrian Grand Prix,ALO,Alpine F1 Team,11,20.0,64.472,64.856,-1.0,14,10,66.472
2021,Austrian Grand Prix,OCO,Alpine F1 Team,13,12.0,65.051,-1.0,-1.0,17,20,67.051
2021,British Grand Prix,ALO,Alpine F1 Team,11,26.0,87.58,87.245,-1.0,7,7,89.58
2021,British Grand Prix,OCO,Alpine F1 Team,13,14.0,87.41499999999999,87.34,-1.0,9,9,89.41499999999999
2021,Hungarian Grand Prix,ALO,Alpine F1 Team,11,38.0,77.123,76.541,76.715,9,4,79.123
2021,Hungarian Grand Prix,OCO,Alpine F1 Team,10,39.0,77.367,76.76599999999999,76.65299999999999,8,1,79.367
2021,Belgian Grand Prix,ALO,Alpine F1 Team,11,38.0,121.653,118.205,-1.0,12,11,123.653
2021,Belgian Grand Prix,OCO,Alpine F1 Team,10,42.0,121.824,117.354,123.513,8,7,123.824
2021,Dutch Grand Prix,ALO,Alpine F1 Team,10,46.0,70.435,70.02,69.956,9,6,72.435
2021,Dutch Grand Prix,OCO,Alpine F1 Team,11,44.0,70.179,69.919,69.93299999999999,8,9,72.179
2021,Italian Grand Prix,ALO,Alpine F1 Team,10,50.0,81.487,81.069,-1.0,10,8,83.487
2021,Italian Grand Prix,OCO,Alpine F1 Team,11,45.0,81.5,81.10300000000001,-1.0,12,10,83.5
2021,Russian Grand Prix,ALO,Alpine F1 Team,10,58.0,107.87700000000001,105.51400000000001,104.20400000000001,6,6,109.87700000000001
2021,Russian Grand Prix,OCO,Alpine F1 Team,11,45.0,108.09899999999999,106.07,105.86500000000001,9,14,110.09899999999999
2021,Turkish Grand Prix,ALO,Alpine F1 Team,10,58.0,85.174,83.914,83.477,5,16,87.174
2021,Turkish Grand Prix,OCO,Alpine F1 Team,11,46.0,85.422,84.842,-1.0,12,10,87.422
2021,United States Grand Prix,ALO,Alpine F1 Team,10,58.0,95.756,104.549,-1.0,19,18,97.756
2021,United States Grand Prix,OCO,Alpine F1 Team,11,46.0,95.747,95.37700000000001,-1.0,11,19,97.747
2021,Mexico City Grand Prix,ALO,Alpine F1 Team,10,60.0,78.452,-1.0,-1.0,12,9,80.452
2021,Mexico City Grand Prix,OCO,Alpine F1 Team,11,46.0,78.126,78.405,-1.0,19,13,80.126
2021,São Paulo Grand Prix,ALO,Alpine F1 Team,10,62.0,69.391,69.137,69.113,12,9,71.391
2021,São Paulo Grand Prix,OCO,Alpine F1 Team,11,50.0,69.43,69.189,-1.0,8,8,71.43
2021,Qatar Grand Prix,ALO,Alpine F1 Team,10,77.0,82.422,81.894,81.67,3,3,84.422
2021,Qatar Grand Prix,OCO,Alpine F1 Team,11,60.0,82.565,82.012,82.02799999999999,9,5,84.565
2021,Saudi Arabian Grand Prix,ALO,Alpine F1 Team,10,77.0,88.944,88.92,-1.0,13,13,90.944
2021,Saudi Arabian Grand Prix,OCO,Alpine F1 Team,11,72.0,88.752,88.574,88.64699999999999,9,4,90.752
2021,Abu Dhabi Grand Prix,ALO,Alpine F1 Team,10,81.0,83.846,83.46000000000001,-1.0,11,8,85.846
2021,Abu Dhabi Grand Prix,OCO,Alpine F1 Team,11,74.0,83.764,83.42,83.389,9,9,85.764
2022,Bahrain Grand Prix,ALO,Alpine F1 Team,9,2.0,92.346,91.621,92.195,8,9,94.346
2022,Bahrain Grand Prix,OCO,Alpine F1 Team,7,6.0,92.041,91.782,-1.0,11,7,94.041
2022,Saudi Arabian Grand Prix,ALO,Alpine F1 Team,13,2.0,89.97800000000001,89.295,89.14699999999999,7,16,91.97800000000001
2022,Saudi Arabian Grand Prix,OCO,Alpine F1 Team,6,14.0,90.093,89.584,89.068,5,6,92.093
2022,Australian Grand Prix,ALO,Alpine F1 Team,14,2.0,79.19200000000001,78.815,-1.0,10,17,81.19200000000001
2022,Australian Grand Prix,OCO,Alpine F1 Team,7,20.0,79.605,79.136,79.061,8,7,81.605
2022,Emilia Romagna Grand Prix,ALO,Alpine F1 Team,15,2.0,80.19800000000001,79.595,89.202,9,19,82.19800000000001
2022,Emilia Romagna Grand Prix,OCO,Alpine F1 Team,9,20.0,82.338,-1.0,-1.0,16,14,84.338
2022,Miami Grand Prix,ALO,Alpine F1 Team,16,2.0,90.407,90.16,-1.0,11,11,92.407
2022,Miami Grand Prix,OCO,Alpine F1 Team,9,24.0,-1.0,-1.0,-1.0,20,8,1.0
2022,Spanish Grand Prix,ALO,Alpine F1 Team,15,4.0,81.043,-1.0,-1.0,20,9,83.043
2022,Spanish Grand Prix,OCO,Alpine F1 Team,9,30.0,80.88,80.638,-1.0,12,7,82.88
2022,Monaco Grand Prix,ALO,Alpine F1 Team,13,10.0,73.394,72.688,72.247,7,7,75.394
2022,Monaco Grand Prix,OCO,Alpine F1 Team,9,30.0,72.848,72.528,73.047,10,12,74.848
2022,Azerbaijan Grand Prix,ALO,Alpine F1 Team,11,16.0,104.083,103.36,103.173,10,7,106.083
2022,Azerbaijan Grand Prix,OCO,Alpine F1 Team,9,31.0,103.90299999999999,103.58500000000001,-1.0,13,10,105.90299999999999
2022,Canadian Grand Prix,ALO,Alpine F1 Team,10,18.0,92.277,84.848,81.944,2,9,94.277
2022,Canadian Grand Prix,OCO,Alpine F1 Team,9,39.0,93.012,86.135,83.529,7,6,95.012
2022,British Grand Prix,ALO,Alpine F1 Team,10,28.0,101.598,102.209,102.116,7,5,103.598
2022,British Grand Prix,OCO,Alpine F1 Team,9,39.0,101.72999999999999,105.19,-1.0,15,15,103.72999999999999
2022,Austrian Grand Prix,ALO,Alpine F1 Team,10,29.0,66.016,66.082,66.103,19,10,68.016
2022,Austrian Grand Prix,OCO,Alpine F1 Team,8,52.0,66.468,65.993,65.726,6,5,68.468
2022,French Grand Prix,ALO,Alpine F1 Team,10,37.0,92.819,92.631,92.55199999999999,7,6,94.819
2022,French Grand Prix,OCO,Alpine F1 Team,8,56.0,93.346,93.048,-1.0,10,8,95.346
2022,Hungarian Grand Prix,ALO,Alpine F1 Team,10,41.0,78.71600000000001,77.904,78.078,6,8,80.71600000000001
2022,Hungarian Grand Prix,OCO,Alpine F1 Team,8,58.0,78.866,78.21600000000001,78.018,5,9,80.866
2022,Belgian Grand Prix,ALO,Alpine F1 Team,9,51.0,106.075,105.55199999999999,105.368,3,5,108.075
2022,Belgian Grand Prix,OCO,Alpine F1 Team,8,64.0,106.039,105.475,105.18,16,7,108.039
2022,Dutch Grand Prix,ALO,Alpine F1 Team,9,59.0,71.667,71.613,-1.0,13,6,73.667
2022,Dutch Grand Prix,OCO,Alpine F1 Team,8,66.0,71.748,71.605,-1.0,12,9,73.748
2022,Italian Grand Prix,ALO,Alpine F1 Team,9,59.0,82.089,81.861,-1.0,6,19,84.089
2022,Italian Grand Prix,OCO,Alpine F1 Team,8,66.0,82.166,82.13,-1.0,14,11,84.166
2022,Singapore Grand Prix,ALO,Alpine F1 Team,9,59.0,115.36,113.12700000000001,109.96600000000001,5,18,117.36
2022,Singapore Grand Prix,OCO,Alpine F1 Team,8,66.0,116.337,-1.0,-1.0,17,16,118.337
2022,Japanese Grand Prix,ALO,Alpine F1 Team,9,65.0,90.60300000000001,90.343,90.322,7,7,92.60300000000001
2022,Japanese Grand Prix,OCO,Alpine F1 Team,8,78.0,90.696,90.357,90.16499999999999,5,4,92.696
2022,United States Grand Prix,ALO,Alpine F1 Team,9,71.0,96.446,95.988,95.876,14,7,98.446
2022,United States Grand Prix,OCO,Alpine F1 Team,8,78.0,97.068,-1.0,-1.0,0,11,99.068
2022,Mexico City Grand Prix,ALO,Alpine F1 Team,9,71.0,80.006,79.27199999999999,78.939,9,19,82.006
2022,Mexico City Grand Prix,OCO,Alpine F1 Team,8,82.0,79.945,79.081,79.01,10,8,81.945
2022,Brazilian Grand Prix,ALO,Alpine F1 Team,9,81.0,73.542,71.394,72.504,17,5,75.542
2022,Brazilian Grand Prix,OCO,Alpine F1 Team,8,86.0,74.663,71.587,72.425,16,8,76.663
2022,Abu Dhabi Grand Prix,ALO,Alpine F1 Team,9,81.0,85.782,85.096,-1.0,10,20,87.782
2022,Abu Dhabi Grand Prix,OCO,Alpine F1 Team,8,92.0,85.735,85.007,84.83,8,7,87.735
2023,Bahrain Grand Prix,OCO,Alpine F1 Team,18,0.0,91.508,90.914,90.98400000000001,9,18,95.105
2023,Bahrain Grand Prix,GAS,Alpine F1 Team,9,2.0,92.181,-1.0,-1.0,20,9,95.455
2023,Saudi Arabian Grand Prix,OCO,Alpine F1 Team,10,4.0,89.707,89.255,89.078,6,8,91.181
2023,Saudi Arabian Grand Prix,GAS,Alpine F1 Team,11,4.0,89.89,89.411,89.357,9,9,90.949
2023,Australian Grand Prix,OCO,Alpine F1 Team,12,4.0,77.77,77.768,-1.0,11,14,80.175
2023,Australian Grand Prix,GAS,Alpine F1 Team,14,4.0,78.312,77.574,77.675,9,13,79.646
2023,Azerbaijan Grand Prix,OCO,Alpine F1 Team,13,4.0,102.622,101.798,-1.0,0,15,105.955
2023,Azerbaijan Grand Prix,GAS,Alpine F1 Team,14,4.0,104.85300000000001,-1.0,-1.0,17,14,106.321
2023,Miami Grand Prix,OCO,Alpine F1 Team,12,6.0,87.872,87.444,87.935,8,9,91.542
2023,Miami Grand Prix,GAS,Alpine F1 Team,10,8.0,88.061,87.612,87.786,5,8,91.566
2023,Monaco Grand Prix,OCO,Alpine F1 Team,9,21.0,72.967,72.248,71.553,3,3,74.585
2023,Monaco Grand Prix,GAS,Alpine F1 Team,10,14.0,73.033,72.169,71.93299999999999,7,7,74.866
2023,Spanish Grand Prix,OCO,Alpine F1 Team,9,25.0,73.43299999999999,73.001,73.083,6,8,75.418
2023,Spanish Grand Prix,GAS,Alpine F1 Team,10,15.0,73.471,73.186,72.816,10,10,75.545
2023,Canadian Grand Prix,OCO,Alpine F1 Team,9,29.0,82.114,80.406,87.945,6,8,0.0
2023,Canadian Grand Prix,GAS,Alpine F1 Team,10,15.0,82.886,-1.0,-1.0,15,12,0.0
2023,Austrian Grand Prix,OCO,Alpine F1 Team,9,31.0,65.729,65.453,-1.0,12,14,67.729
2023,Austrian Grand Prix,GAS,Alpine F1 Team,11,16.0,65.515,65.30799999999999,65.17,9,10,67.515
2023,British Grand Prix,OCO,Alpine F1 Team,10,31.0,89.7,88.956,-1.0,13,20,91.7
2023,British Grand Prix,GAS,Alpine F1 Team,12,16.0,89.533,88.751,87.689,10,18,91.533
2023,Hungarian Grand Prix,OCO,Alpine F1 Team,10,31.0,78.854,77.84100000000001,-1.0,12,19,0.0
2023,Hungarian Grand Prix,GAS,Alpine F1 Team,12,16.0,78.743,78.217,-1.0,15,20,0.0
2023,Belgian Grand Prix,OCO,Alpine F1 Team,10,35.0,119.634,116.372,-1.0,14,8,0.0
2023,Belgian Grand Prix,GAS,Alpine F1 Team,12,22.0,119.511,113.67099999999999,-1.0,12,11,0.0
2021,Bahrain Grand Prix,RAI,Alfa Romeo,11,0.0,91.547,91.238,-1.0,14,11,93.547
2021,Bahrain Grand Prix,GIO,Alfa Romeo,12,0.0,90.998,90.708,-1.0,12,12,92.998
2021,Emilia Romagna Grand Prix,RAI,Alfa Romeo,14,0.0,75.974,-1.0,-1.0,16,13,77.974
2021,Emilia Romagna Grand Prix,GIO,Alfa Romeo,15,0.0,76.122,-1.0,-1.0,17,14,78.122
2021,Portuguese Grand Prix,RAI,Alfa Romeo,14,0.0,79.748,79.812,-1.0,15,20,81.748
2021,Portuguese Grand Prix,GIO,Alfa Romeo,15,0.0,79.41,79.21600000000001,-1.0,12,12,81.41
2021,Spanish Grand Prix,RAI,Alfa Romeo,14,0.0,78.917,-1.0,-1.0,17,12,80.917
2021,Spanish Grand Prix,GIO,Alfa Romeo,15,0.0,78.549,78.356,-1.0,14,15,80.549
2021,Monaco Grand Prix,RAI,Alfa Romeo,16,0.0,71.899,71.642,-1.0,14,11,73.899
2021,Monaco Grand Prix,GIO,Alfa Romeo,15,1.0,71.658,71.409,71.779,10,10,73.658
2021,Azerbaijan Grand Prix,RAI,Alfa Romeo,15,1.0,102.923,102.587,-1.0,14,10,104.923
2021,Azerbaijan Grand Prix,GIO,Alfa Romeo,16,1.0,-1.0,-1.0,-1.0,20,11,1.0
2021,French Grand Prix,RAI,Alfa Romeo,15,1.0,93.354,-1.0,-1.0,17,17,95.354
2021,French Grand Prix,GIO,Alfa Romeo,16,1.0,92.72200000000001,91.813,-1.0,13,15,94.72200000000001
2021,Styrian Grand Prix,RAI,Alfa Romeo,15,1.0,65.429,-1.0,-1.0,18,11,67.429
2021,Styrian Grand Prix,GIO,Alfa Romeo,16,1.0,65.092,64.913,-1.0,15,15,67.092
2021,Austrian Grand Prix,RAI,Alfa Romeo,15,1.0,65.009,-1.0,-1.0,16,15,67.009
2021,Austrian Grand Prix,GIO,Alfa Romeo,16,1.0,64.782,65.083,-1.0,15,14,66.782
2021,British Grand Prix,RAI,Alfa Romeo,15,1.0,88.062,-1.0,-1.0,13,15,90.062
2021,British Grand Prix,GIO,Alfa Romeo,16,1.0,87.595,87.617,-1.0,15,13,89.595
2021,Hungarian Grand Prix,RAI,Alfa Romeo,17,2.0,77.553,77.564,-1.0,13,10,79.553
2021,Hungarian Grand Prix,GIO,Alfa Romeo,18,1.0,77.776,77.583,-1.0,0,13,79.776
2021,Belgian Grand Prix,RAI,Alfa Romeo,17,2.0,124.452,-1.0,-1.0,0,18,126.452
2021,Belgian Grand Prix,GIO,Alfa Romeo,18,1.0,122.306,-1.0,-1.0,14,13,124.306
2021,Dutch Grand Prix,KUB,Alfa Romeo,21,0.0,71.301,-1.0,-1.0,16,15,73.301
2021,Dutch Grand Prix,GIO,Alfa Romeo,18,1.0,70.05,70.033,69.59,7,14,72.05
2021,Italian Grand Prix,KUB,Alfa Romeo,20,0.0,82.53,-1.0,-1.0,17,14,84.53
2021,Italian Grand Prix,GIO,Alfa Romeo,18,1.0,81.197,80.726,80.80799999999999,7,13,83.197
2021,Russian Grand Prix,RAI,Alfa Romeo,17,6.0,109.586,-1.0,-1.0,13,8,111.586
2021,Russian Grand Prix,GIO,Alfa Romeo,18,1.0,111.023,-1.0,-1.0,17,16,113.023
2021,Turkish Grand Prix,RAI,Alfa Romeo,17,6.0,87.525,-1.0,-1.0,17,12,89.525
2021,Turkish Grand Prix,GIO,Alfa Romeo,18,1.0,86.43,-1.0,-1.0,16,11,88.43
2021,United States Grand Prix,RAI,Alfa Romeo,17,6.0,96.311,-1.0,-1.0,15,13,98.311
2021,United States Grand Prix,GIO,Alfa Romeo,18,1.0,95.92,95.794,-1.0,12,11,97.92
2021,Mexico City Grand Prix,RAI,Alfa Romeo,16,10.0,77.606,77.958,-1.0,10,8,79.606
2021,Mexico City Grand Prix,GIO,Alfa Romeo,18,1.0,77.89699999999999,78.28999999999999,-1.0,11,11,79.89699999999999
2021,São Paulo Grand Prix,RAI,Alfa Romeo,16,10.0,69.598,69.503,-1.0,0,12,71.598
2021,São Paulo Grand Prix,GIO,Alfa Romeo,18,1.0,69.342,70.227,-1.0,13,14,71.342
2021,Qatar Grand Prix,RAI,Alfa Romeo,16,10.0,83.156,-1.0,-1.0,16,14,85.156
2021,Qatar Grand Prix,GIO,Alfa Romeo,18,1.0,83.262,-1.0,-1.0,18,15,85.262
2021,Saudi Arabian Grand Prix,RAI,Alfa Romeo,16,10.0,88.856,88.885,-1.0,12,15,90.856
2021,Saudi Arabian Grand Prix,GIO,Alfa Romeo,18,3.0,88.899,88.616,88.754,10,9,90.899
2021,Abu Dhabi Grand Prix,RAI,Alfa Romeo,16,10.0,84.779,-1.0,-1.0,18,19,86.779
2021,Abu Dhabi Grand Prix,GIO,Alfa Romeo,18,3.0,84.118,84.251,-1.0,14,17,86.118
2022,Bahrain Grand Prix,BOT,Alfa Romeo,6,8.0,91.919,91.717,91.56,6,6,93.919
2022,Bahrain Grand Prix,ZHO,Alfa Romeo,10,1.0,92.493,93.543,-1.0,15,10,94.493
2022,Saudi Arabian Grand Prix,BOT,Alfa Romeo,9,8.0,89.68299999999999,89.404,89.18299999999999,8,15,91.68299999999999
2022,Saudi Arabian Grand Prix,ZHO,Alfa Romeo,14,1.0,89.97800000000001,89.819,-1.0,12,11,91.97800000000001
2022,Australian Grand Prix,BOT,Alfa Romeo,10,12.0,79.251,79.41,-1.0,12,8,81.251
2022,Australian Grand Prix,ZHO,Alfa Romeo,15,1.0,79.91,80.155,-1.0,14,11,81.91
2022,Emilia Romagna Grand Prix,BOT,Alfa Romeo,8,24.0,80.419,80.19200000000001,90.439,7,5,82.419
2022,Emilia Romagna Grand Prix,ZHO,Alfa Romeo,16,1.0,79.73,81.434,-1.0,0,15,81.73
2022,Miami Grand Prix,BOT,Alfa Romeo,8,30.0,90.845,89.751,89.475,5,7,92.845
2022,Miami Grand Prix,ZHO,Alfa Romeo,18,1.0,91.02,-1.0,-1.0,17,20,93.02
2022,Spanish Grand Prix,BOT,Alfa Romeo,8,38.0,80.355,80.053,79.608,7,6,82.355
2022,Spanish Grand Prix,ZHO,Alfa Romeo,18,1.0,80.476,81.094,-1.0,15,19,82.476
2022,Monaco Grand Prix,BOT,Alfa Romeo,8,40.0,73.541,72.909,-1.0,12,9,75.541
2022,Monaco Grand Prix,ZHO,Alfa Romeo,18,1.0,75.606,-1.0,-1.0,20,16,77.606
2022,Azerbaijan Grand Prix,BOT,Alfa Romeo,8,40.0,104.47800000000001,104.444,-1.0,15,11,106.47800000000001
2022,Azerbaijan Grand Prix,ZHO,Alfa Romeo,18,1.0,103.777,103.78999999999999,-1.0,14,18,105.777
2022,Canadian Grand Prix,BOT,Alfa Romeo,8,46.0,93.689,86.788,-1.0,11,7,95.689
2022,Canadian Grand Prix,ZHO,Alfa Romeo,16,5.0,93.69200000000001,86.116,84.03,10,8,95.69200000000001
2022,British Grand Prix,BOT,Alfa Romeo,8,46.0,101.396,104.232,-1.0,12,17,103.396
2022,British Grand Prix,ZHO,Alfa Romeo,16,5.0,100.791,102.64,102.719,9,19,102.791
2022,Austrian Grand Prix,BOT,Alfa Romeo,9,46.0,66.44200000000001,66.319,-1.0,0,11,68.44200000000001
2022,Austrian Grand Prix,ZHO,Alfa Romeo,17,5.0,66.901,-1.0,-1.0,13,14,68.901
2022,French Grand Prix,BOT,Alfa Romeo,9,46.0,93.03399999999999,93.05199999999999,-1.0,11,14,95.03399999999999
2022,French Grand Prix,ZHO,Alfa Romeo,17,5.0,93.674,-1.0,-1.0,16,16,95.674
2022,Hungarian Grand Prix,BOT,Alfa Romeo,9,46.0,78.935,78.445,78.157,8,20,80.935
2022,Hungarian Grand Prix,ZHO,Alfa Romeo,17,5.0,78.973,78.57300000000001,-1.0,12,13,80.973
2022,Belgian Grand Prix,BOT,Alfa Romeo,10,46.0,107.866,-1.0,-1.0,13,19,109.866
2022,Belgian Grand Prix,ZHO,Alfa Romeo,17,5.0,106.178,106.08500000000001,-1.0,18,14,108.178
2022,Dutch Grand Prix,BOT,Alfa Romeo,10,46.0,71.961,-1.0,-1.0,16,19,73.961
2022,Dutch Grand Prix,ZHO,Alfa Romeo,17,5.0,71.826,71.70400000000001,-1.0,14,16,73.826
2022,Italian Grand Prix,BOT,Alfa Romeo,10,46.0,82.254,82.235,-1.0,15,13,84.254
2022,Italian Grand Prix,ZHO,Alfa Romeo,17,6.0,82.003,82.577,-1.0,9,10,84.003
2022,Singapore Grand Prix,BOT,Alfa Romeo,10,46.0,116.083,-1.0,-1.0,15,11,118.083
2022,Singapore Grand Prix,ZHO,Alfa Romeo,18,6.0,115.375,115.518,-1.0,14,20,117.375
2022,Japanese Grand Prix,BOT,Alfa Romeo,10,46.0,91.226,90.709,-1.0,12,15,93.226
2022,Japanese Grand Prix,ZHO,Alfa Romeo,18,6.0,90.894,90.953,-1.0,14,16,92.894
2022,United States Grand Prix,BOT,Alfa Romeo,10,46.0,96.74600000000001,96.321,96.319,7,19,98.74600000000001
2022,United States Grand Prix,ZHO,Alfa Romeo,18,6.0,96.656,96.97,-1.0,18,12,98.656
2022,Mexico City Grand Prix,BOT,Alfa Romeo,10,47.0,79.523,78.762,78.401,6,10,81.523
2022,Mexico City Grand Prix,ZHO,Alfa Romeo,18,6.0,80.283,79.476,-1.0,12,13,82.283
2022,Brazilian Grand Prix,BOT,Alfa Romeo,10,49.0,75.486,-1.0,-1.0,14,9,77.486
2022,Brazilian Grand Prix,ZHO,Alfa Romeo,18,6.0,75.197,-1.0,-1.0,13,12,77.197
2022,Abu Dhabi Grand Prix,BOT,Alfa Romeo,10,49.0,85.892,-1.0,-1.0,18,15,87.892
2022,Abu Dhabi Grand Prix,ZHO,Alfa Romeo,18,6.0,85.594,85.408,-1.0,15,12,87.594
2023,Bahrain Grand Prix,BOT,Alfa Romeo,8,4.0,91.504,91.443,-1.0,12,8,94.689
2023,Bahrain Grand Prix,ZHO,Alfa Romeo,16,0.0,91.615,91.473,-1.0,13,16,94.575
2023,Saudi Arabian Grand Prix,BOT,Alfa Romeo,9,4.0,89.929,89.668,-1.0,14,18,91.97
2023,Saudi Arabian Grand Prix,ZHO,Alfa Romeo,17,0.0,89.654,89.461,-1.0,11,13,91.986
2023,Australian Grand Prix,BOT,Alfa Romeo,11,4.0,78.714,-1.0,-1.0,0,11,80.419
2023,Australian Grand Prix,ZHO,Alfa Romeo,15,2.0,78.53999999999999,-1.0,-1.0,17,9,80.569
2023,Azerbaijan Grand Prix,BOT,Alfa Romeo,12,4.0,102.582,102.259,-1.0,13,18,104.01
2023,Azerbaijan Grand Prix,ZHO,Alfa Romeo,15,2.0,102.642,-1.0,-1.0,15,19,103.748
2023,Miami Grand Prix,BOT,Alfa Romeo,13,4.0,87.864,87.564,-1.0,10,13,91.902
2023,Miami Grand Prix,ZHO,Alfa Romeo,15,2.0,88.18,88.09100000000001,-1.0,14,16,92.134
2023,Monaco Grand Prix,BOT,Alfa Romeo,14,4.0,73.038,72.625,-1.0,15,11,74.718
2023,Monaco Grand Prix,ZHO,Alfa Romeo,15,2.0,73.523,-1.0,-1.0,19,13,75.684
2023,Spanish Grand Prix,BOT,Alfa Romeo,14,4.0,73.977,-1.0,-1.0,16,19,75.978
2023,Spanish Grand Prix,ZHO,Alfa Romeo,15,4.0,73.67699999999999,73.521,-1.0,13,9,75.906
2023,Canadian Grand Prix,BOT,Alfa Romeo,15,5.0,82.332,81.821,-1.0,14,10,78.728
2023,Canadian Grand Prix,ZHO,Alfa Romeo,16,4.0,83.342,-1.0,-1.0,20,16,84.961
2023,Austrian Grand Prix,BOT,Alfa Romeo,15,5.0,65.763,65.68,-1.0,14,15,67.763
2023,Austrian Grand Prix,ZHO,Alfa Romeo,16,4.0,65.818,-1.0,-1.0,17,12,67.818
2023,British Grand Prix,BOT,Alfa Romeo,15,5.0,89.798,-1.0,-1.0,20,12,91.798
2023,British Grand Prix,ZHO,Alfa Romeo,16,4.0,90.123,-1.0,-1.0,17,15,92.123
2023,Hungarian Grand Prix,BOT,Alfa Romeo,15,5.0,78.775,77.563,77.03399999999999,7,12,101.032
2023,Hungarian Grand Prix,ZHO,Alfa Romeo,16,4.0,78.143,77.7,76.971,5,16,101.363
2023,Belgian Grand Prix,BOT,Alfa Romeo,15,5.0,119.48400000000001,114.694,-1.0,13,12,0.0
2023,Belgian Grand Prix,ZHO,Alfa Romeo,16,4.0,120.832,-1.0,-1.0,17,13,0.0
2021,Bahrain Grand Prix,VET,Aston Martin,15,0.0,92.056,-1.0,-1.0,20,15,94.056
2021,Bahrain Grand Prix,STR,Aston Martin,10,1.0,91.261,90.624,90.601,10,10,93.261
2021,Emilia Romagna Grand Prix,VET,Aston Martin,17,0.0,75.459,75.394,-1.0,0,15,77.459
2021,Emilia Romagna Grand Prix,STR,Aston Martin,10,5.0,75.522,75.138,-1.0,10,8,77.522
2021,Portuguese Grand Prix,VET,Aston Martin,16,0.0,79.40299999999999,78.97,79.65899999999999,10,13,81.40299999999999
2021,Portuguese Grand Prix,STR,Aston Martin,11,5.0,79.913,-1.0,-1.0,17,14,81.913
2021,Spanish Grand Prix,VET,Aston Martin,16,0.0,78.289,78.07900000000001,-1.0,13,13,80.289
2021,Spanish Grand Prix,STR,Aston Martin,11,5.0,78.241,77.974,-1.0,11,11,80.241
2021,Monaco Grand Prix,VET,Aston Martin,11,10.0,72.078,71.309,71.419,8,5,74.078
2021,Monaco Grand Prix,STR,Aston Martin,12,9.0,71.979,71.6,-1.0,13,8,73.979
2021,Azerbaijan Grand Prix,VET,Aston Martin,9,28.0,102.46000000000001,102.22399999999999,-1.0,11,2,104.46000000000001
2021,Azerbaijan Grand Prix,STR,Aston Martin,13,9.0,-1.0,-1.0,-1.0,19,19,1.0
2021,French Grand Prix,VET,Aston Martin,10,30.0,92.132,91.767,-1.0,12,9,94.132
2021,French Grand Prix,STR,Aston Martin,13,10.0,-1.0,-1.0,-1.0,19,10,1.0
2021,Styrian Grand Prix,VET,Aston Martin,10,30.0,65.051,64.875,-1.0,14,12,67.051
2021,Styrian Grand Prix,STR,Aston Martin,12,14.0,64.821,64.663,64.708,9,8,66.821
2021,Austrian Grand Prix,VET,Aston Martin,10,30.0,64.846,64.493,64.57,11,17,66.846
2021,Austrian Grand Prix,STR,Aston Martin,12,14.0,64.92699999999999,64.547,64.618,9,13,66.92699999999999
2021,British Grand Prix,VET,Aston Martin,10,30.0,87.493,87.10300000000001,87.179,8,19,89.493
2021,British Grand Prix,STR,Aston Martin,12,18.0,88.017,87.66499999999999,-1.0,14,8,90.017
2021,Hungarian Grand Prix,VET,Aston Martin,12,30.0,77.105,76.794,76.75,10,20,79.105
2021,Hungarian Grand Prix,STR,Aston Martin,14,18.0,77.038,76.893,-1.0,12,19,79.038
2021,Belgian Grand Prix,VET,Aston Martin,12,35.0,120.175,116.814,120.935,5,5,122.175
2021,Belgian Grand Prix,STR,Aston Martin,14,18.0,121.597,118.231,-1.0,19,20,123.597
2021,Dutch Grand Prix,VET,Aston Martin,12,35.0,70.731,-1.0,-1.0,15,13,72.731
2021,Dutch Grand Prix,STR,Aston Martin,14,18.0,70.438,70.367,-1.0,12,12,72.438
2021,Italian Grand Prix,VET,Aston Martin,12,35.0,81.394,80.913,-1.0,11,12,83.394
2021,Italian Grand Prix,STR,Aston Martin,13,24.0,81.41499999999999,81.02,-1.0,9,7,83.41499999999999
2021,Russian Grand Prix,VET,Aston Martin,12,35.0,107.205,106.57300000000001,-1.0,10,12,109.205
2021,Russian Grand Prix,STR,Aston Martin,13,24.0,108.322,106.36,104.956,7,11,110.322
2021,Turkish Grand Prix,VET,Aston Martin,12,35.0,85.787,84.795,-1.0,10,18,87.787
2021,Turkish Grand Prix,STR,Aston Martin,13,26.0,85.511,84.601,84.305,8,9,87.511
2021,United States Grand Prix,VET,Aston Martin,12,36.0,95.281,95.5,-1.0,18,10,97.281
2021,United States Grand Prix,STR,Aston Martin,13,26.0,95.983,-1.0,-1.0,13,12,97.983
2021,Mexico City Grand Prix,VET,Aston Martin,12,42.0,77.502,77.746,-1.0,9,7,79.502
2021,Mexico City Grand Prix,STR,Aston Martin,13,26.0,80.873,-1.0,-1.0,20,14,82.873
2021,São Paulo Grand Prix,VET,Aston Martin,12,42.0,69.451,69.399,-1.0,9,11,71.451
2021,São Paulo Grand Prix,STR,Aston Martin,13,26.0,69.663,-1.0,-1.0,14,20,71.663
2021,Qatar Grand Prix,VET,Aston Martin,12,43.0,82.549,82.146,82.785,10,10,84.549
2021,Qatar Grand Prix,STR,Aston Martin,13,34.0,82.551,82.46000000000001,-1.0,12,6,84.551
2021,Saudi Arabian Grand Prix,VET,Aston Martin,12,43.0,89.19800000000001,-1.0,-1.0,17,16,91.19800000000001
2021,Saudi Arabian Grand Prix,STR,Aston Martin,13,34.0,89.368,-1.0,-1.0,18,11,91.368
2021,Abu Dhabi Grand Prix,VET,Aston Martin,12,43.0,84.225,84.305,-1.0,15,11,86.225
2021,Abu Dhabi Grand Prix,STR,Aston Martin,13,34.0,84.061,84.066,-1.0,13,13,86.061
2022,Bahrain Grand Prix,HUL,Aston Martin,17,0.0,92.777,-1.0,-1.0,17,17,94.777
2022,Bahrain Grand Prix,STR,Aston Martin,12,0.0,93.032,-1.0,-1.0,19,12,95.032
2022,Saudi Arabian Grand Prix,HUL,Aston Martin,17,0.0,90.543,-1.0,-1.0,17,12,92.543
2022,Saudi Arabian Grand Prix,STR,Aston Martin,16,0.0,90.256,91.009,-1.0,13,13,92.256
2022,Australian Grand Prix,VET,Aston Martin,21,0.0,81.149,-1.0,-1.0,17,19,83.149
2022,Australian Grand Prix,STR,Aston Martin,18,0.0,-1.0,-1.0,-1.0,19,12,1.0
2022,Emilia Romagna Grand Prix,VET,Aston Martin,14,4.0,80.364,79.957,91.062,13,8,82.364
2022,Emilia Romagna Grand Prix,STR,Aston Martin,18,1.0,80.342,88.119,-1.0,15,10,82.342
2022,Miami Grand Prix,VET,Aston Martin,14,4.0,90.67699999999999,90.214,-1.0,0,17,92.67699999999999
2022,Miami Grand Prix,STR,Aston Martin,17,2.0,90.441,89.996,90.676,0,10,92.441
2022,Spanish Grand Prix,VET,Aston Martin,14,4.0,80.95400000000001,-1.0,-1.0,16,11,82.95400000000001
2022,Spanish Grand Prix,STR,Aston Martin,17,2.0,81.418,-1.0,-1.0,17,15,83.418
2022,Monaco Grand Prix,VET,Aston Martin,15,5.0,73.313,72.613,72.732,9,10,75.313
2022,Monaco Grand Prix,STR,Aston Martin,17,2.0,73.678,-1.0,-1.0,18,14,75.678
2022,Azerbaijan Grand Prix,VET,Aston Martin,14,13.0,103.279,103.268,103.09100000000001,9,6,105.279
2022,Azerbaijan Grand Prix,STR,Aston Martin,17,2.0,105.37100000000001,-1.0,-1.0,19,16,107.37100000000001
2022,Canadian Grand Prix,VET,Aston Martin,14,13.0,94.512,-1.0,-1.0,16,12,96.512
2022,Canadian Grand Prix,STR,Aston Martin,18,3.0,95.532,-1.0,-1.0,17,10,97.532
2022,British Grand Prix,VET,Aston Martin,13,15.0,102.666,-1.0,-1.0,18,9,104.666
2022,British Grand Prix,STR,Aston Martin,19,3.0,103.43,-1.0,-1.0,20,11,105.43
2022,Austrian Grand Prix,VET,Aston Martin,14,15.0,67.083,-1.0,-1.0,18,17,69.083
2022,Austrian Grand Prix,STR,Aston Martin,19,3.0,66.847,-1.0,-1.0,12,13,68.847
2022,French Grand Prix,VET,Aston Martin,14,15.0,93.285,93.27600000000001,-1.0,12,11,95.285
2022,French Grand Prix,STR,Aston Martin,18,4.0,93.439,-1.0,-1.0,15,10,95.439
2022,Hungarian Grand Prix,VET,Aston Martin,14,16.0,79.273,-1.0,-1.0,18,10,81.273
2022,Hungarian Grand Prix,STR,Aston Martin,18,4.0,79.205,79.137,-1.0,14,11,81.205
2022,Belgian Grand Prix,VET,Aston Martin,12,20.0,106.344,-1.0,-1.0,10,8,108.344
2022,Belgian Grand Prix,STR,Aston Martin,19,4.0,106.256,106.61099999999999,-1.0,9,11,108.256
2022,Dutch Grand Prix,VET,Aston Martin,12,20.0,72.391,-1.0,-1.0,19,14,74.391
2022,Dutch Grand Prix,STR,Aston Martin,18,5.0,71.568,71.416,-1.0,10,10,73.568
2022,Italian Grand Prix,VET,Aston Martin,13,20.0,82.636,-1.0,-1.0,11,20,84.636
2022,Italian Grand Prix,STR,Aston Martin,18,5.0,82.748,-1.0,-1.0,12,18,84.748
2022,Singapore Grand Prix,VET,Aston Martin,12,24.0,115.602,114.38,-1.0,13,8,117.602
2022,Singapore Grand Prix,STR,Aston Martin,15,13.0,115.62899999999999,114.211,-1.0,11,6,117.62899999999999
2022,Japanese Grand Prix,VET,Aston Martin,11,32.0,91.256,90.656,90.554,9,6,93.256
2022,Japanese Grand Prix,STR,Aston Martin,15,13.0,91.419,-1.0,-1.0,19,12,93.419
2022,United States Grand Prix,VET,Aston Martin,11,36.0,96.695,96.398,-1.0,10,8,98.695
2022,United States Grand Prix,STR,Aston Martin,15,13.0,96.86,96.032,95.598,5,18,98.86
2022,Mexico City Grand Prix,VET,Aston Martin,11,36.0,80.419,-1.0,-1.0,16,14,82.419
2022,Mexico City Grand Prix,STR,Aston Martin,15,13.0,80.52,-1.0,-1.0,20,15,82.52
2022,Brazilian Grand Prix,VET,Aston Martin,11,36.0,73.597,71.678,-1.0,9,11,75.597
2022,Brazilian Grand Prix,STR,Aston Martin,15,14.0,74.398,72.21000000000001,-1.0,15,10,76.398
2022,Abu Dhabi Grand Prix,VET,Aston Martin,12,37.0,85.523,84.974,84.961,9,10,87.523
2022,Abu Dhabi Grand Prix,STR,Aston Martin,15,18.0,85.741,85.35900000000001,-1.0,14,8,87.741
2023,Bahrain Grand Prix,ALO,Aston Martin,3,15.0,91.158,90.645,90.336,5,3,93.196
2023,Bahrain Grand Prix,STR,Aston Martin,6,8.0,91.184,91.127,90.836,8,6,94.298
2023,Saudi Arabian Grand Prix,ALO,Aston Martin,3,30.0,89.298,88.757,88.73,2,3,90.315
2023,Saudi Arabian Grand Prix,STR,Aston Martin,7,8.0,89.33500000000001,88.962,88.945,5,20,90.577
2023,Australian Grand Prix,ALO,Aston Martin,3,45.0,77.832,77.283,77.139,4,3,79.317
2023,Australian Grand Prix,STR,Aston Martin,6,20.0,77.873,77.616,77.30799999999999,6,4,79.766
2023,Azerbaijan Grand Prix,ALO,Aston Martin,3,60.0,101.72,101.37,101.253,6,4,103.56
2023,Azerbaijan Grand Prix,STR,Aston Martin,8,27.0,102.524,101.576,101.61099999999999,9,7,103.455
2023,Miami Grand Prix,ALO,Aston Martin,3,75.0,88.179,87.09700000000001,87.202,2,3,90.449
2023,Miami Grand Prix,STR,Aston Martin,8,27.0,88.476,-1.0,-1.0,18,12,91.853
2023,Monaco Grand Prix,ALO,Aston Martin,3,93.0,72.886,72.107,71.449,2,2,73.71
2023,Monaco Grand Prix,STR,Aston Martin,8,27.0,72.722,72.623,-1.0,14,20,74.653
2023,Spanish Grand Prix,ALO,Aston Martin,3,99.0,73.747,73.098,73.507,8,7,75.547
2023,Spanish Grand Prix,STR,Aston Martin,8,35.0,73.766,73.082,72.994,5,6,75.939
2023,Canadian Grand Prix,ALO,Aston Martin,3,117.0,81.481,79.776,87.286,2,2,79.807
2023,Canadian Grand Prix,STR,Aston Martin,8,37.0,82.67699999999999,81.48400000000001,-1.0,16,9,79.175
2023,Austrian Grand Prix,ALO,Aston Martin,3,131.0,65.655,65.181,64.911,7,5,67.655
2023,Austrian Grand Prix,STR,Aston Martin,8,44.0,65.71,65.121,64.893,6,9,67.71
2023,British Grand Prix,ALO,Aston Martin,3,137.0,89.949,88.368,87.65899999999999,9,7,91.949
2023,British Grand Prix,STR,Aston Martin,8,44.0,89.44800000000001,88.935,-1.0,12,14,91.44800000000001
2023,Hungarian Grand Prix,ALO,Aston Martin,3,139.0,78.58,77.701,77.035,8,9,100.687
2023,Hungarian Grand Prix,STR,Aston Martin,9,45.0,78.782,78.144,-1.0,14,10,100.013
2023,Belgian Grand Prix,ALO,Aston Martin,3,149.0,118.834,112.751,107.843,9,5,0.0
2023,Belgian Grand Prix,STR,Aston Martin,9,47.0,119.663,112.193,108.84100000000001,10,9,0.0
2021,Bahrain Grand Prix,PER,Red Bull,5,10.0,91.16499999999999,90.65899999999999,-1.0,0,5,93.16499999999999
2021,Bahrain Grand Prix,VER,Red Bull,2,18.0,90.499,90.318,88.997,1,2,92.499
2021,Emilia Romagna Grand Prix,PER,Red Bull,8,10.0,75.395,74.716,74.446,2,11,77.395
2021,Emilia Romagna Grand Prix,VER,Red Bull,2,43.0,75.109,74.884,74.498,3,1,77.109
2021,Portuguese Grand Prix,PER,Red Bull,6,22.0,79.337,78.845,78.89,4,4,81.337
2021,Portuguese Grand Prix,VER,Red Bull,2,61.0,79.485,78.65,78.746,3,2,81.485
2021,Spanish Grand Prix,PER,Red Bull,6,32.0,78.203,77.669,77.701,8,5,80.203
2021,Spanish Grand Prix,VER,Red Bull,2,80.0,78.09,76.922,76.777,2,2,80.09
2021,Monaco Grand Prix,PER,Red Bull,5,44.0,71.644,71.019,71.57300000000001,9,4,73.644
2021,Monaco Grand Prix,VER,Red Bull,1,105.0,71.124,70.65,70.576,2,1,73.124
2021,Azerbaijan Grand Prix,PER,Red Bull,3,69.0,101.968,101.63,101.917,6,1,103.968
2021,Azerbaijan Grand Prix,VER,Red Bull,1,105.0,101.75999999999999,101.625,101.563,3,18,103.75999999999999
2021,French Grand Prix,PER,Red Bull,3,84.0,91.56,90.971,90.445,4,3,93.56
2021,French Grand Prix,VER,Red Bull,1,131.0,91.001,91.08,89.99,1,1,93.001
2021,Styrian Grand Prix,PER,Red Bull,3,96.0,64.638,64.197,64.168,4,4,66.638
2021,Styrian Grand Prix,VER,Red Bull,1,156.0,64.489,64.43299999999999,63.841,1,1,66.489
2021,Austrian Grand Prix,PER,Red Bull,3,104.0,64.833,64.483,63.99,3,6,66.833
2021,Austrian Grand Prix,VER,Red Bull,1,182.0,64.249,63.927,63.72,1,1,66.249
2021,British Grand Prix,PER,Red Bull,5,104.0,87.121,87.07300000000001,86.844,0,16,89.121
2021,British Grand Prix,VER,Red Bull,1,185.0,86.751,86.315,86.209,1,20,88.751
2021,Hungarian Grand Prix,PER,Red Bull,5,104.0,77.233,76.443,76.42099999999999,4,17,79.233
2021,Hungarian Grand Prix,VER,Red Bull,2,187.0,76.214,75.65,75.84,3,9,78.214
2021,Belgian Grand Prix,PER,Red Bull,5,104.0,119.334,116.886,122.112,0,19,121.334
2021,Belgian Grand Prix,VER,Red Bull,2,199.5,118.717,116.559,119.765,1,1,120.717
2021,Dutch Grand Prix,PER,Red Bull,5,108.0,70.53,-1.0,-1.0,0,8,72.53
2021,Dutch Grand Prix,VER,Red Bull,1,224.5,70.036,69.071,68.885,1,1,72.036
2021,Italian Grand Prix,PER,Red Bull,5,118.0,81.30799999999999,80.882,80.611,8,5,83.30799999999999
2021,Italian Grand Prix,VER,Red Bull,1,226.5,81.035,80.229,79.96600000000001,1,18,83.035
2021,Russian Grand Prix,PER,Red Bull,5,120.0,106.455,105.834,105.337,8,9,108.455
2021,Russian Grand Prix,VER,Red Bull,2,244.5,-1.0,-1.0,-1.0,20,2,1.0
2021,Turkish Grand Prix,PER,Red Bull,5,135.0,84.963,83.961,83.706,6,3,86.963
2021,Turkish Grand Prix,VER,Red Bull,1,262.5,84.592,83.732,83.196,2,2,86.592
2021,United States Grand Prix,PER,Red Bull,4,150.0,94.369,94.178,93.134,3,3,96.369
2021,United States Grand Prix,VER,Red Bull,1,287.5,94.352,93.464,92.91,1,1,96.352
2021,Mexico City Grand Prix,PER,Red Bull,4,165.0,77.003,77.055,76.342,4,3,79.003
2021,Mexico City Grand Prix,VER,Red Bull,1,312.5,76.788,76.483,76.225,3,1,78.788
2021,São Paulo Grand Prix,PER,Red Bull,4,178.0,69.172,68.973,68.483,4,4,71.172
2021,São Paulo Grand Prix,VER,Red Bull,1,332.5,69.32900000000001,68.499,68.372,2,2,71.32900000000001
2021,Qatar Grand Prix,PER,Red Bull,4,190.0,82.398,82.346,-1.0,11,4,84.398
2021,Qatar Grand Prix,VER,Red Bull,1,351.5,81.996,81.98400000000001,81.282,7,2,83.996
2021,Saudi Arabian Grand Prix,PER,Red Bull,4,190.0,88.021,87.946,88.123,5,17,90.021
2021,Saudi Arabian Grand Prix,VER,Red Bull,1,369.5,88.285,87.953,87.65299999999999,3,2,90.285
2021,Abu Dhabi Grand Prix,PER,Red Bull,4,190.0,83.35,83.135,82.947,4,15,85.35
2021,Abu Dhabi Grand Prix,VER,Red Bull,1,395.5,83.322,82.8,82.10900000000001,1,1,85.322
2022,Bahrain Grand Prix,PER,Red Bull,18,0.0,92.311,91.008,90.92099999999999,4,18,94.311
2022,Bahrain Grand Prix,VER,Red Bull,19,0.0,91.785,90.757,90.681,2,19,93.785
2022,Saudi Arabian Grand Prix,PER,Red Bull,7,12.0,89.705,88.924,88.2,1,4,91.705
2022,Saudi Arabian Grand Prix,VER,Red Bull,3,25.0,88.928,88.945,88.461,4,1,90.928
2022,Australian Grand Prix,PER,Red Bull,4,30.0,78.834,78.34,78.24,3,2,80.834
2022,Australian Grand Prix,VER,Red Bull,6,25.0,78.58,78.611,78.154,2,18,80.58
2022,Emilia Romagna Grand Prix,PER,Red Bull,3,54.0,79.773,79.29599999999999,89.80799999999999,3,2,81.773
2022,Emilia Romagna Grand Prix,VER,Red Bull,2,59.0,79.295,78.793,87.999,1,1,81.295
2022,Miami Grand Prix,PER,Red Bull,3,66.0,90.055,89.673,89.036,4,4,92.055
2022,Miami Grand Prix,VER,Red Bull,2,85.0,89.836,89.202,88.991,3,1,91.836
2022,Spanish Grand Prix,PER,Red Bull,3,85.0,80.447,79.83,79.42,5,2,82.447
2022,Spanish Grand Prix,VER,Red Bull,1,110.0,80.09100000000001,79.219,79.07300000000001,2,1,82.09100000000001
2022,Monaco Grand Prix,PER,Red Bull,3,110.0,73.004,71.95400000000001,71.629,3,1,75.004
2022,Monaco Grand Prix,VER,Red Bull,1,125.0,72.993,72.117,71.666,4,3,74.993
2022,Azerbaijan Grand Prix,PER,Red Bull,2,129.0,102.733,101.955,101.64099999999999,2,2,104.733
2022,Azerbaijan Grand Prix,VER,Red Bull,1,150.0,102.72200000000001,102.227,101.706,3,1,104.72200000000001
2022,Canadian Grand Prix,PER,Red Bull,2,129.0,93.929,93.12700000000001,-1.0,13,20,95.929
2022,Canadian Grand Prix,VER,Red Bull,1,175.0,92.219,83.746,81.299,1,1,94.219
2022,British Grand Prix,PER,Red Bull,2,147.0,100.521,102.513,101.616,4,2,102.521
2022,British Grand Prix,VER,Red Bull,1,181.0,99.12899999999999,100.655,101.055,2,7,101.12899999999999
2022,Austrian Grand Prix,PER,Red Bull,3,151.0,66.143,66.458,-1.0,5,20,68.143
2022,Austrian Grand Prix,VER,Red Bull,1,208.0,65.852,65.374,64.984,1,2,67.852
2022,French Grand Prix,PER,Red Bull,3,163.0,92.354,92.12,91.33500000000001,3,4,94.354
2022,French Grand Prix,VER,Red Bull,1,233.0,91.89099999999999,91.99,91.176,2,1,93.89099999999999
2022,Hungarian Grand Prix,PER,Red Bull,3,173.0,79.118,78.51599999999999,-1.0,11,5,81.118
2022,Hungarian Grand Prix,VER,Red Bull,1,258.0,78.509,77.703,78.82300000000001,10,1,80.509
2022,Belgian Grand Prix,PER,Red Bull,2,191.0,105.37700000000001,104.794,104.462,2,2,107.37700000000001
2022,Belgian Grand Prix,VER,Red Bull,1,284.0,104.581,104.723,103.66499999999999,14,1,106.581
2022,Dutch Grand Prix,PER,Red Bull,3,201.0,71.641,71.314,71.077,5,5,73.641
2022,Dutch Grand Prix,VER,Red Bull,1,310.0,71.31700000000001,70.92699999999999,70.342,1,1,73.31700000000001
2022,Italian Grand Prix,PER,Red Bull,3,210.0,81.495,81.358,81.206,13,6,83.495
2022,Italian Grand Prix,VER,Red Bull,1,335.0,80.922,81.265,80.306,7,1,82.922
2022,Singapore Grand Prix,PER,Red Bull,3,235.0,114.404,112.818,109.434,2,1,116.404
2022,Singapore Grand Prix,VER,Red Bull,1,341.0,113.057,112.723,111.39500000000001,8,7,115.057
2022,Japanese Grand Prix,PER,Red Bull,2,253.0,90.622,89.925,89.709,4,2,92.622
2022,Japanese Grand Prix,VER,Red Bull,1,366.0,90.224,90.346,89.304,1,1,92.224
2022,United States Grand Prix,PER,Red Bull,3,265.0,96.163,95.864,94.64500000000001,9,4,98.163
2022,United States Grand Prix,VER,Red Bull,1,391.0,95.864,95.294,94.44800000000001,2,1,97.864
2022,Mexico City Grand Prix,PER,Red Bull,2,280.0,79.706,78.615,78.128,4,3,81.706
2022,Mexico City Grand Prix,VER,Red Bull,1,416.0,79.22200000000001,78.566,77.775,1,1,81.22200000000001
2022,Brazilian Grand Prix,PER,Red Bull,3,290.0,73.613,71.456,75.601,4,7,75.613
2022,Brazilian Grand Prix,VER,Red Bull,1,429.0,73.625,70.881,71.877,3,6,75.625
2022,Abu Dhabi Grand Prix,PER,Red Bull,3,305.0,84.82,84.419,84.05199999999999,2,3,86.82
2022,Abu Dhabi Grand Prix,VER,Red Bull,1,454.0,84.754,84.622,83.824,1,1,86.754
2023,Bahrain Grand Prix,PER,Red Bull,2,18.0,91.479,90.746,89.846,2,2,92.758
2023,Bahrain Grand Prix,VER,Red Bull,1,25.0,91.295,90.503,89.708,1,1,93.375
2023,Saudi Arabian Grand Prix,PER,Red Bull,2,43.0,89.244,88.635,88.265,1,1,90.1
2023,Saudi Arabian Grand Prix,VER,Red Bull,1,44.0,88.761,109.953,-1.0,15,2,89.617
2023,Australian Grand Prix,PER,Red Bull,2,54.0,-1.0,-1.0,-1.0,0,5,79.293
2023,Australian Grand Prix,VER,Red Bull,1,69.0,77.384,77.056,76.732,1,1,78.79
2023,Azerbaijan Grand Prix,PER,Red Bull,2,87.0,101.756,101.131,100.495,3,1,102.454
2023,Azerbaijan Grand Prix,VER,Red Bull,1,93.0,101.398,100.822,100.39099999999999,2,2,102.315
2023,Miami Grand Prix,PER,Red Bull,2,105.0,87.713,87.328,86.84100000000001,1,2,91.231
2023,Miami Grand Prix,VER,Red Bull,1,119.0,87.363,86.814,-1.0,9,1,90.549
2023,Monaco Grand Prix,PER,Red Bull,2,105.0,73.85,-1.0,-1.0,20,16,74.038
2023,Monaco Grand Prix,VER,Red Bull,1,144.0,72.386,71.908,71.365,1,1,74.244
2023,Spanish Grand Prix,PER,Red Bull,2,117.0,73.874,73.334,-1.0,11,4,75.374
2023,Spanish Grand Prix,VER,Red Bull,1,170.0,73.615,72.76,72.272,1,1,74.606
2023,Canadian Grand Prix,PER,Red Bull,2,126.0,82.151,80.959,-1.0,12,6,80.154
2023,Canadian Grand Prix,VER,Red Bull,1,195.0,80.851,79.092,85.858,1,1,80.231
2023,Austrian Grand Prix,PER,Red Bull,2,148.0,65.17699999999999,126.688,-1.0,15,3,67.17699999999999
2023,Austrian Grand Prix,VER,Red Bull,1,229.0,65.116,64.951,64.391,1,1,67.116
2023,British Grand Prix,PER,Red Bull,2,156.0,89.968,-1.0,-1.0,15,6,91.968
2023,British Grand Prix,VER,Red Bull,1,255.0,89.428,87.702,86.72,1,1,91.428
2023,Hungarian Grand Prix,PER,Red Bull,2,171.0,78.36,77.675,77.045,9,3,0.0
2023,Hungarian Grand Prix,VER,Red Bull,1,281.0,78.318,77.547,76.612,2,1,0.0
2023,Belgian Grand Prix,PER,Red Bull,2,189.0,118.899,112.35300000000001,107.045,2,2,0.0
2023,Belgian Grand Prix,VER,Red Bull,1,314.0,118.515,112.78399999999999,106.168,6,1,0.0
2021,Bahrain Grand Prix,RIC,McLaren,7,6.0,90.795,90.22200000000001,89.92699999999999,6,7,92.795
2021,Bahrain Grand Prix,NOR,McLaren,4,12.0,90.902,90.099,89.974,7,4,92.902
2021,Emilia Romagna Grand Prix,RIC,McLaren,7,14.0,75.669,75.033,74.826,6,6,77.669
2021,Emilia Romagna Grand Prix,NOR,McLaren,3,27.0,75.009,74.718,74.875,7,3,77.009
2021,Portuguese Grand Prix,RIC,McLaren,7,16.0,79.839,-1.0,-1.0,16,9,81.839
2021,Portuguese Grand Prix,NOR,McLaren,3,37.0,78.794,78.481,79.116,7,5,80.794
2021,Spanish Grand Prix,RIC,McLaren,7,24.0,78.264,77.719,77.622,7,6,80.264
2021,Spanish Grand Prix,NOR,McLaren,4,41.0,77.821,77.696,78.01,9,8,79.821
2021,Monaco Grand Prix,RIC,McLaren,8,24.0,71.747,71.598,-1.0,12,12,73.747
2021,Monaco Grand Prix,NOR,McLaren,3,56.0,71.321,71.031,70.62,5,3,73.321
2021,Azerbaijan Grand Prix,RIC,McLaren,10,26.0,102.304,102.55799999999999,-1.0,13,9,104.304
2021,Azerbaijan Grand Prix,NOR,McLaren,4,66.0,102.167,101.813,101.747,9,5,104.167
2021,French Grand Prix,RIC,McLaren,9,34.0,92.181,91.615,91.382,10,6,94.181
2021,French Grand Prix,NOR,McLaren,4,76.0,91.733,91.542,91.252,8,5,93.733
2021,Styrian Grand Prix,RIC,McLaren,9,34.0,65.142,64.80799999999999,-1.0,13,13,67.142
2021,Styrian Grand Prix,NOR,McLaren,4,86.0,64.584,64.298,64.12,3,5,66.584
2021,Austrian Grand Prix,RIC,McLaren,8,40.0,64.977,64.719,-1.0,13,7,66.977
2021,Austrian Grand Prix,NOR,McLaren,4,101.0,64.345,64.415,63.768,2,3,66.345
2021,British Grand Prix,RIC,McLaren,8,50.0,87.32300000000001,87.125,86.899,6,5,89.32300000000001
2021,British Grand Prix,NOR,McLaren,3,113.0,87.444,87.22,86.89699999999999,5,4,89.444
2021,Hungarian Grand Prix,RIC,McLaren,9,50.0,77.664,76.871,-1.0,11,11,79.664
2021,Hungarian Grand Prix,NOR,McLaren,3,113.0,77.081,76.385,76.489,6,15,79.081
2021,Belgian Grand Prix,RIC,McLaren,8,56.0,121.583,117.12700000000001,120.864,4,4,123.583
2021,Belgian Grand Prix,NOR,McLaren,3,113.0,118.301,116.025,-1.0,15,14,120.301
2021,Dutch Grand Prix,RIC,McLaren,9,56.0,70.255,69.865,70.166,10,11,72.255
2021,Dutch Grand Prix,NOR,McLaren,4,114.0,70.489,70.406,-1.0,13,10,72.489
2021,Italian Grand Prix,RIC,McLaren,8,83.0,81.292,80.435,79.995,2,1,83.292
2021,Italian Grand Prix,NOR,McLaren,4,132.0,80.916,80.059,79.989,3,2,82.916
2021,Russian Grand Prix,RIC,McLaren,8,95.0,108.345,106.36099999999999,104.156,5,4,110.345
2021,Russian Grand Prix,NOR,McLaren,4,139.0,107.238,105.827,101.993,1,7,109.238
2021,Turkish Grand Prix,RIC,McLaren,8,95.0,85.881,-1.0,-1.0,20,13,87.881
2021,Turkish Grand Prix,NOR,McLaren,4,145.0,85.138,84.642,83.95400000000001,7,7,87.138
2021,United States Grand Prix,RIC,McLaren,8,105.0,94.407,94.643,93.80799999999999,6,5,96.407
2021,United States Grand Prix,NOR,McLaren,5,149.0,94.551,93.88,93.887,7,8,96.551
2021,Mexico City Grand Prix,RIC,McLaren,8,105.0,77.719,77.092,76.763,7,12,79.719
2021,Mexico City Grand Prix,NOR,McLaren,5,150.0,77.569,77.473,96.83,18,10,79.569
2021,São Paulo Grand Prix,RIC,McLaren,8,105.0,69.374,69.093,69.039,11,19,71.374
2021,São Paulo Grand Prix,NOR,McLaren,5,151.0,69.365,69.03,68.98,5,10,71.365
2021,Qatar Grand Prix,RIC,McLaren,8,105.0,82.688,82.59700000000001,-1.0,14,12,84.688
2021,Qatar Grand Prix,NOR,McLaren,5,153.0,82.839,82.21600000000001,81.731,4,9,84.839
2021,Saudi Arabian Grand Prix,RIC,McLaren,8,115.0,88.21600000000001,88.668,-1.0,11,5,90.21600000000001
2021,Saudi Arabian Grand Prix,NOR,McLaren,6,154.0,88.338,88.344,88.18,7,10,90.338
2021,Abu Dhabi Grand Prix,RIC,McLaren,8,115.0,83.82900000000001,83.44800000000001,83.40899999999999,10,12,85.82900000000001
2021,Abu Dhabi Grand Prix,NOR,McLaren,6,160.0,83.553,83.256,82.931,3,7,85.553
2022,Bahrain Grand Prix,RIC,McLaren,14,0.0,92.945,-1.0,-1.0,18,14,94.945
2022,Bahrain Grand Prix,NOR,McLaren,15,0.0,92.239,92.00800000000001,-1.0,13,15,94.239
2022,Saudi Arabian Grand Prix,RIC,McLaren,19,0.0,90.009,89.773,-1.0,14,17,92.009
2022,Saudi Arabian Grand Prix,NOR,McLaren,10,6.0,89.957,89.651,-1.0,11,7,91.957
2022,Australian Grand Prix,RIC,McLaren,11,8.0,79.66499999999999,79.13,79.032,7,6,81.66499999999999
2022,Australian Grand Prix,NOR,McLaren,8,16.0,79.28,79.066,78.703,4,5,81.28
2022,Emilia Romagna Grand Prix,RIC,McLaren,11,11.0,79.98,80.031,89.742,6,18,81.98
2022,Emilia Romagna Grand Prix,NOR,McLaren,6,35.0,80.168,79.294,89.131,5,3,82.168
2022,Miami Grand Prix,RIC,McLaren,11,11.0,90.583,90.31,-1.0,14,13,92.583
2022,Miami Grand Prix,NOR,McLaren,7,35.0,90.761,89.634,89.75,8,19,92.761
2022,Spanish Grand Prix,RIC,McLaren,12,11.0,80.549,80.287,80.297,9,12,82.549
2022,Spanish Grand Prix,NOR,McLaren,7,39.0,80.838,80.471,-1.0,11,8,82.838
2022,Monaco Grand Prix,RIC,McLaren,11,11.0,73.338,72.964,-1.0,14,13,75.338
2022,Monaco Grand Prix,NOR,McLaren,7,48.0,72.92699999999999,72.266,71.849,5,6,74.92699999999999
2022,Azerbaijan Grand Prix,RIC,McLaren,13,15.0,104.437,103.574,-1.0,12,8,106.437
2022,Azerbaijan Grand Prix,NOR,McLaren,7,50.0,104.237,103.398,-1.0,11,9,106.237
2022,Canadian Grand Prix,RIC,McLaren,13,15.0,93.636,86.375,83.749,9,11,95.636
2022,Canadian Grand Prix,NOR,McLaren,7,50.0,94.066,-1.0,-1.0,14,15,96.066
2022,British Grand Prix,RIC,McLaren,14,15.0,101.93299999999999,104.35499999999999,-1.0,14,13,103.93299999999999
2022,British Grand Prix,NOR,McLaren,7,58.0,101.515,101.821,102.084,6,6,103.515
2022,Austrian Grand Prix,RIC,McLaren,12,17.0,66.613,-1.0,-1.0,11,9,68.613
2022,Austrian Grand Prix,NOR,McLaren,7,64.0,66.33,85.84700000000001,-1.0,10,7,68.33
2022,French Grand Prix,RIC,McLaren,12,19.0,93.404,92.922,-1.0,9,9,95.404
2022,French Grand Prix,NOR,McLaren,7,70.0,92.672,92.777,92.032,5,7,94.672
2022,Hungarian Grand Prix,RIC,McLaren,12,19.0,78.775,78.19800000000001,78.379,9,15,80.775
2022,Hungarian Grand Prix,NOR,McLaren,7,76.0,78.65299999999999,78.121,77.769,4,7,80.65299999999999
2022,Belgian Grand Prix,RIC,McLaren,13,19.0,106.212,105.767,-1.0,7,15,108.212
2022,Belgian Grand Prix,NOR,McLaren,7,76.0,105.745,105.60300000000001,106.178,17,12,107.745
2022,Dutch Grand Prix,RIC,McLaren,13,19.0,72.081,-1.0,-1.0,17,17,74.081
2022,Dutch Grand Prix,NOR,McLaren,7,82.0,71.556,71.116,71.174,7,7,73.556
2022,Italian Grand Prix,RIC,McLaren,14,19.0,82.139,81.855,81.925,4,17,84.139
2022,Italian Grand Prix,NOR,McLaren,7,88.0,82.13,81.831,81.584,3,7,84.13
2022,Singapore Grand Prix,RIC,McLaren,11,29.0,116.226,-1.0,-1.0,16,5,118.226
2022,Singapore Grand Prix,NOR,McLaren,7,100.0,115.914,113.94200000000001,110.584,6,4,117.914
2022,Japanese Grand Prix,RIC,McLaren,12,29.0,90.88,90.65899999999999,-1.0,11,11,92.88
2022,Japanese Grand Prix,NOR,McLaren,7,101.0,90.881,90.473,91.003,10,10,92.881
2022,United States Grand Prix,RIC,McLaren,12,29.0,97.04599999999999,-1.0,-1.0,15,16,99.04599999999999
2022,United States Grand Prix,NOR,McLaren,7,109.0,96.465,96.34100000000001,95.69,6,6,98.465
2022,Mexico City Grand Prix,RIC,McLaren,12,35.0,80.279,79.325,-1.0,11,7,82.279
2022,Mexico City Grand Prix,NOR,McLaren,7,111.0,79.857,79.119,78.721,8,9,81.857
2022,Brazilian Grand Prix,RIC,McLaren,12,35.0,74.931,72.14,-1.0,11,20,76.931
2022,Brazilian Grand Prix,NOR,McLaren,7,113.0,73.106,71.377,72.263,6,18,75.106
2022,Abu Dhabi Grand Prix,RIC,McLaren,11,37.0,85.76599999999999,85.068,85.045,13,9,87.76599999999999
2022,Abu Dhabi Grand Prix,NOR,McLaren,7,122.0,85.387,84.90299999999999,84.769,7,6,87.387
2023,Bahrain Grand Prix,NOR,McLaren,17,0.0,91.652,91.381,-1.0,11,17,94.165
2023,Bahrain Grand Prix,PIA,McLaren,20,0.0,92.101,-1.0,-1.0,18,20,94.997
2023,Saudi Arabian Grand Prix,NOR,McLaren,20,0.0,90.447,-1.0,-1.0,19,17,92.149
2023,Saudi Arabian Grand Prix,PIA,McLaren,19,0.0,89.706,89.378,89.243,8,15,91.491
2023,Australian Grand Prix,NOR,McLaren,8,8.0,78.243,78.119,-1.0,13,6,79.536
2023,Australian Grand Prix,PIA,McLaren,13,4.0,78.517,-1.0,-1.0,16,8,79.777
2023,Azerbaijan Grand Prix,NOR,McLaren,9,10.0,102.154,101.485,101.281,7,9,103.125
2023,Azerbaijan Grand Prix,PIA,McLaren,11,4.0,102.455,101.636,101.61099999999999,10,11,103.98
2023,Miami Grand Prix,NOR,McLaren,9,10.0,88.394,-1.0,-1.0,16,17,91.104
2023,Miami Grand Prix,PIA,McLaren,14,4.0,88.48400000000001,-1.0,-1.0,19,19,91.81
2023,Monaco Grand Prix,NOR,McLaren,11,12.0,72.877,72.377,72.254,10,9,74.467
2023,Monaco Grand Prix,PIA,McLaren,13,5.0,73.006,72.395,-1.0,11,10,75.192
2023,Spanish Grand Prix,NOR,McLaren,11,12.0,73.295,72.776,72.792,3,17,75.783
2023,Spanish Grand Prix,PIA,McLaren,13,5.0,73.691,73.059,73.682,9,13,76.353
2023,Canadian Grand Prix,NOR,McLaren,11,12.0,81.998,79.34700000000001,88.04599999999999,7,13,0.0
2023,Canadian Grand Prix,PIA,McLaren,14,5.0,82.19,79.65899999999999,91.349,8,11,81.496
2023,Austrian Grand Prix,NOR,McLaren,10,24.0,65.617,65.038,64.658,4,4,67.617
2023,Austrian Grand Prix,PIA,McLaren,14,5.0,65.68299999999999,65.605,-1.0,13,16,67.68299999999999
2023,British Grand Prix,NOR,McLaren,9,42.0,88.917,88.042,86.961,2,2,90.917
2023,British Grand Prix,PIA,McLaren,11,17.0,89.874,87.845,87.092,3,4,91.874
2023,Hungarian Grand Prix,NOR,McLaren,8,60.0,78.697,77.328,76.694,3,2,100.277
2023,Hungarian Grand Prix,PIA,McLaren,11,27.0,78.464,77.571,76.905,4,5,99.154
2023,Belgian Grand Prix,NOR,McLaren,8,69.0,119.981,112.25200000000001,107.669,7,7,124.484
2023,Belgian Grand Prix,PIA,McLaren,11,34.0,118.872,111.53399999999999,107.36500000000001,5,20,123.792
2021,Bahrain Grand Prix,SAI,Ferrari,8,4.0,91.65299999999999,90.009,90.215,8,8,93.65299999999999
2021,Bahrain Grand Prix,LEC,Ferrari,6,8.0,90.691,90.01,89.678,4,6,92.691
2021,Emilia Romagna Grand Prix,SAI,Ferrari,6,14.0,75.406,75.199,-1.0,11,5,77.406
2021,Emilia Romagna Grand Prix,LEC,Ferrari,4,20.0,75.413,74.80799999999999,74.74,4,4,77.413
2021,Portuguese Grand Prix,SAI,Ferrari,8,14.0,79.309,78.813,79.039,5,11,81.309
2021,Portuguese Grand Prix,LEC,Ferrari,5,28.0,79.373,78.769,79.306,8,6,81.373
2021,Spanish Grand Prix,SAI,Ferrari,8,20.0,78.205,77.656,77.62,6,7,80.205
2021,Spanish Grand Prix,LEC,Ferrari,5,40.0,78.041,77.717,77.51,4,4,80.041
2021,Monaco Grand Prix,SAI,Ferrari,7,38.0,71.324,70.806,70.611,4,2,73.324
2021,Monaco Grand Prix,LEC,Ferrari,6,40.0,71.113,70.597,70.346,1,20,73.113
2021,Azerbaijan Grand Prix,SAI,Ferrari,7,42.0,102.12100000000001,101.74000000000001,101.576,5,8,104.12100000000001
2021,Azerbaijan Grand Prix,LEC,Ferrari,5,52.0,102.241,101.65899999999999,101.218,1,4,104.241
2021,French Grand Prix,SAI,Ferrari,7,42.0,92.07900000000001,91.146,90.84,5,11,94.07900000000001
2021,French Grand Prix,LEC,Ferrari,6,52.0,92.209,91.56700000000001,90.987,7,16,94.209
2021,Styrian Grand Prix,SAI,Ferrari,7,50.0,64.859,64.8,-1.0,12,6,66.859
2021,Styrian Grand Prix,LEC,Ferrari,6,58.0,64.745,64.646,64.472,7,7,66.745
2021,Austrian Grand Prix,SAI,Ferrari,7,60.0,64.596,64.559,-1.0,10,5,66.596
2021,Austrian Grand Prix,LEC,Ferrari,6,62.0,64.906,64.6,-1.0,12,8,66.906
2021,British Grand Prix,SAI,Ferrari,7,68.0,87.337,86.848,87.007,10,6,89.337
2021,British Grand Prix,LEC,Ferrari,6,80.0,87.051,86.919,86.828,4,2,89.051
2021,Hungarian Grand Prix,SAI,Ferrari,6,83.0,76.649,-1.0,-1.0,15,3,78.649
2021,Hungarian Grand Prix,LEC,Ferrari,7,80.0,77.084,76.574,76.496,7,18,79.084
2021,Belgian Grand Prix,SAI,Ferrari,6,83.5,121.184,118.137,-1.0,11,10,123.184
2021,Belgian Grand Prix,LEC,Ferrari,7,82.0,120.728,117.721,-1.0,9,8,122.728
2021,Dutch Grand Prix,SAI,Ferrari,7,89.5,70.022,69.87,69.537,6,7,72.022
2021,Dutch Grand Prix,LEC,Ferrari,6,92.0,69.82900000000001,69.437,69.527,5,5,71.82900000000001
2021,Italian Grand Prix,SAI,Ferrari,7,97.5,81.118,80.75,80.462,6,6,83.118
2021,Italian Grand Prix,LEC,Ferrari,6,104.0,81.219,80.767,80.51,5,4,83.219
2021,Russian Grand Prix,SAI,Ferrari,6,112.5,107.924,106.521,102.50999999999999,2,3,109.924
2021,Russian Grand Prix,LEC,Ferrari,7,104.0,108.47,-1.0,-1.0,19,15,110.47
2021,Turkish Grand Prix,SAI,Ferrari,6,116.5,85.17699999999999,-1.0,-1.0,19,8,87.17699999999999
2021,Turkish Grand Prix,LEC,Ferrari,7,116.0,84.869,84.015,83.265,3,4,86.869
2021,United States Grand Prix,SAI,Ferrari,7,122.5,94.55799999999999,94.126,93.792,5,7,96.55799999999999
2021,United States Grand Prix,LEC,Ferrari,6,128.0,94.15299999999999,93.928,93.606,4,4,96.15299999999999
2021,Mexico City Grand Prix,SAI,Ferrari,7,130.5,77.517,77.248,76.761,6,6,79.517
2021,Mexico City Grand Prix,LEC,Ferrari,6,138.0,76.748,77.03399999999999,76.837,8,5,78.748
2021,São Paulo Grand Prix,SAI,Ferrari,7,139.5,69.04599999999999,69.031,68.826,3,6,71.04599999999999
2021,São Paulo Grand Prix,LEC,Ferrari,6,148.0,69.155,68.859,68.96000000000001,6,5,71.155
2021,Qatar Grand Prix,SAI,Ferrari,7,145.5,82.304,82.241,81.84,5,7,84.304
2021,Qatar Grand Prix,LEC,Ferrari,6,152.0,82.742,82.463,-1.0,13,8,84.742
2021,Saudi Arabian Grand Prix,SAI,Ferrari,7,149.5,88.237,113.652,-1.0,15,8,90.237
2021,Saudi Arabian Grand Prix,LEC,Ferrari,5,158.0,88.31,88.459,88.054,4,7,90.31
2021,Abu Dhabi Grand Prix,SAI,Ferrari,5,164.5,83.624,83.174,82.992,5,3,85.624
2021,Abu Dhabi Grand Prix,LEC,Ferrari,7,159.0,83.467,83.202,83.122,7,10,85.467
2022,Bahrain Grand Prix,SAI,Ferrari,2,18.0,91.56700000000001,90.787,90.687,3,2,93.56700000000001
2022,Bahrain Grand Prix,LEC,Ferrari,1,26.0,91.471,90.932,90.55799999999999,1,1,93.471
2022,Saudi Arabian Grand Prix,SAI,Ferrari,2,33.0,88.855,88.686,88.402,3,3,90.855
2022,Saudi Arabian Grand Prix,LEC,Ferrari,1,45.0,89.039,88.78,88.225,2,2,91.039
2022,Australian Grand Prix,SAI,Ferrari,3,33.0,78.983,78.469,79.408,9,20,80.983
2022,Australian Grand Prix,LEC,Ferrari,1,71.0,78.881,78.606,77.868,1,1,80.881
2022,Emilia Romagna Grand Prix,SAI,Ferrari,5,38.0,79.305,78.99,-1.0,4,20,81.305
2022,Emilia Romagna Grand Prix,LEC,Ferrari,1,86.0,78.79599999999999,79.584,88.77799999999999,2,6,80.79599999999999
2022,Miami Grand Prix,SAI,Ferrari,5,53.0,90.07900000000001,89.729,88.986,2,3,92.07900000000001
2022,Miami Grand Prix,LEC,Ferrari,1,104.0,89.474,89.13,88.79599999999999,1,2,91.474
2022,Spanish Grand Prix,SAI,Ferrari,5,65.0,79.892,79.453,79.166,3,4,81.892
2022,Spanish Grand Prix,LEC,Ferrari,2,104.0,79.861,79.969,78.75,1,20,81.861
2022,Monaco Grand Prix,SAI,Ferrari,5,83.0,72.616,72.074,71.601,2,2,74.616
2022,Monaco Grand Prix,LEC,Ferrari,2,116.0,72.569,71.864,71.376,1,4,74.569
2022,Azerbaijan Grand Prix,SAI,Ferrari,5,83.0,102.957,102.088,101.814,4,20,104.957
2022,Azerbaijan Grand Prix,LEC,Ferrari,3,116.0,102.86500000000001,102.04599999999999,101.35900000000001,1,19,104.86500000000001
2022,Canadian Grand Prix,SAI,Ferrari,5,102.0,92.781,85.197,82.096,3,2,94.781
2022,Canadian Grand Prix,LEC,Ferrari,3,126.0,93.00800000000001,-1.0,-1.0,19,5,95.00800000000001
2022,British Grand Prix,SAI,Ferrari,4,127.0,100.19,101.602,100.983,1,1,102.19
2022,British Grand Prix,LEC,Ferrari,3,138.0,99.846,101.247,101.298,3,4,101.846
2022,Austrian Grand Prix,SAI,Ferrari,4,133.0,65.66,65.576,65.066,3,18,67.66
2022,Austrian Grand Prix,LEC,Ferrari,2,170.0,65.419,65.287,65.013,2,1,67.419
2022,French Grand Prix,SAI,Ferrari,4,144.0,92.297,91.081,-1.0,19,5,94.297
2022,French Grand Prix,LEC,Ferrari,2,170.0,91.727,91.21600000000001,90.872,1,19,93.727
2022,Hungarian Grand Prix,SAI,Ferrari,5,156.0,78.434,77.946,77.42099999999999,2,4,80.434
2022,Hungarian Grand Prix,LEC,Ferrari,2,178.0,78.806,77.768,77.56700000000001,3,6,80.806
2022,Belgian Grand Prix,SAI,Ferrari,4,171.0,105.05,105.418,104.297,1,3,107.05
2022,Belgian Grand Prix,LEC,Ferrari,3,186.0,105.572,104.551,104.553,15,6,107.572
2022,Dutch Grand Prix,SAI,Ferrari,5,175.0,71.767,70.814,70.434,3,8,73.767
2022,Dutch Grand Prix,LEC,Ferrari,2,201.0,71.443,70.988,70.363,2,3,73.443
2022,Italian Grand Prix,SAI,Ferrari,5,187.0,81.348,80.878,80.429,18,4,83.348
2022,Italian Grand Prix,LEC,Ferrari,2,219.0,81.28,81.208,80.161,1,2,83.28
2022,Singapore Grand Prix,SAI,Ferrari,5,202.0,114.559,113.219,109.583,4,3,116.559
2022,Singapore Grand Prix,LEC,Ferrari,2,237.0,114.12899999999999,112.343,109.412,1,2,116.12899999999999
2022,Japanese Grand Prix,SAI,Ferrari,5,202.0,90.336,90.444,89.361,3,19,92.336
2022,Japanese Grand Prix,LEC,Ferrari,3,252.0,90.402,90.486,89.314,2,3,92.402
2022,United States Grand Prix,SAI,Ferrari,5,202.0,95.297,95.59,94.356,1,20,97.297
2022,United States Grand Prix,LEC,Ferrari,2,267.0,95.795,95.24600000000001,94.42099999999999,12,3,97.795
2022,Mexico City Grand Prix,SAI,Ferrari,6,212.0,79.566,78.56,78.351,5,5,81.566
2022,Mexico City Grand Prix,LEC,Ferrari,3,275.0,79.505,79.10900000000001,78.555,7,6,81.505
2022,Brazilian Grand Prix,SAI,Ferrari,6,234.0,74.68,70.89,72.357,7,3,76.68
2022,Brazilian Grand Prix,LEC,Ferrari,2,290.0,74.486,70.95,-1.0,5,4,76.486
2022,Abu Dhabi Grand Prix,SAI,Ferrari,5,246.0,85.09,84.521,84.242,4,4,87.09
2022,Abu Dhabi Grand Prix,LEC,Ferrari,2,308.0,85.211,84.517,84.092,3,2,87.211
2023,Bahrain Grand Prix,SAI,Ferrari,4,12.0,90.993,90.515,90.154,4,4,96.072
2023,Bahrain Grand Prix,LEC,Ferrari,19,0.0,91.094,90.282,90.0,3,19,94.257
2023,Saudi Arabian Grand Prix,SAI,Ferrari,4,20.0,89.411,88.957,88.931,4,6,90.924
2023,Saudi Arabian Grand Prix,LEC,Ferrari,8,6.0,89.376,88.90299999999999,88.42,12,7,91.118
2023,Australian Grand Prix,SAI,Ferrari,5,20.0,77.928,77.349,77.27,5,12,79.505
2023,Australian Grand Prix,LEC,Ferrari,10,6.0,78.218,77.39,77.369,7,20,79.378
2023,Azerbaijan Grand Prix,SAI,Ferrari,5,34.0,102.197,101.369,101.01599999999999,4,5,102.899
2023,Azerbaijan Grand Prix,LEC,Ferrari,6,28.0,101.269,101.037,100.203,1,3,102.352
2023,Miami Grand Prix,SAI,Ferrari,5,44.0,87.686,87.148,87.349,3,5,90.724
2023,Miami Grand Prix,LEC,Ferrari,7,34.0,87.713,86.964,87.861,7,7,91.337
2023,Monaco Grand Prix,SAI,Ferrari,6,48.0,72.717,72.21000000000001,71.63,4,8,73.372
2023,Monaco Grand Prix,LEC,Ferrari,7,42.0,72.912,72.103,71.471,6,6,74.093
2023,Spanish Grand Prix,SAI,Ferrari,6,58.0,73.411,72.78999999999999,72.734,2,5,75.726
2023,Spanish Grand Prix,LEC,Ferrari,7,42.0,74.07900000000001,-1.0,-1.0,19,11,75.694
2023,Canadian Grand Prix,SAI,Ferrari,5,68.0,82.248,79.856,89.294,11,5,85.991
2023,Canadian Grand Prix,LEC,Ferrari,7,54.0,81.843,80.615,-1.0,10,4,86.809
2023,Austrian Grand Prix,SAI,Ferrari,5,82.0,65.339,64.975,64.581,3,6,67.339
2023,Austrian Grand Prix,LEC,Ferrari,6,72.0,65.577,65.087,64.439,2,2,67.577
2023,British Grand Prix,SAI,Ferrari,5,83.0,89.865,88.265,87.148,5,10,91.865
2023,British Grand Prix,LEC,Ferrari,7,74.0,89.143,88.361,87.136,4,9,91.143
2023,Hungarian Grand Prix,SAI,Ferrari,6,87.0,78.393,77.703,-1.0,11,8,108.101
2023,Hungarian Grand Prix,LEC,Ferrari,7,80.0,78.44,77.58,76.992,6,7,101.142
2023,Belgian Grand Prix,SAI,Ferrari,7,92.0,118.688,111.711,107.152,4,19,123.207
2023,Belgian Grand Prix,LEC,Ferrari,5,99.0,118.3,112.017,106.988,1,3,0.0
2021,Bahrain Grand Prix,GAS,AlphaTauri,17,0.0,90.848,90.513,89.809,5,17,92.848
2021,Bahrain Grand Prix,TSU,AlphaTauri,9,2.0,90.607,91.203,-1.0,13,9,92.607
2021,Emilia Romagna Grand Prix,GAS,AlphaTauri,9,6.0,75.548,74.92699999999999,74.78999999999999,5,7,77.548
2021,Emilia Romagna Grand Prix,TSU,AlphaTauri,11,2.0,-1.0,-1.0,-1.0,20,12,1.0
2021,Portuguese Grand Prix,GAS,AlphaTauri,10,7.0,79.464,79.05199999999999,79.475,9,10,81.464
2021,Portuguese Grand Prix,TSU,AlphaTauri,13,2.0,79.684,79.463,-1.0,14,15,81.684
2021,Spanish Grand Prix,GAS,AlphaTauri,10,8.0,78.19,77.982,-1.0,12,10,80.19
2021,Spanish Grand Prix,TSU,AlphaTauri,13,2.0,78.556,-1.0,-1.0,16,20,80.556
2021,Monaco Grand Prix,GAS,AlphaTauri,9,16.0,71.56,71.179,70.9,6,6,73.56
2021,Monaco Grand Prix,TSU,AlphaTauri,14,2.0,72.096,-1.0,-1.0,16,16,74.096
2021,Azerbaijan Grand Prix,GAS,AlphaTauri,8,31.0,102.288,101.932,101.565,4,3,104.288
2021,Azerbaijan Grand Prix,TSU,AlphaTauri,14,8.0,102.521,101.654,102.211,7,7,104.521
2021,French Grand Prix,GAS,AlphaTauri,8,37.0,91.898,91.35300000000001,90.868,6,7,93.898
2021,French Grand Prix,TSU,AlphaTauri,14,8.0,-1.0,-1.0,-1.0,0,13,1.0
2021,Styrian Grand Prix,GAS,AlphaTauri,8,37.0,64.765,64.429,64.236,6,20,66.765
2021,Styrian Grand Prix,TSU,AlphaTauri,14,9.0,64.608,64.631,64.514,11,10,66.608
2021,Austrian Grand Prix,GAS,AlphaTauri,9,39.0,64.841,64.412,64.107,6,9,66.841
2021,Austrian Grand Prix,TSU,AlphaTauri,14,9.0,64.967,64.518,64.273,7,12,66.967
2021,British Grand Prix,GAS,AlphaTauri,9,39.0,87.6,87.273,-1.0,11,11,89.6
2021,British Grand Prix,TSU,AlphaTauri,14,10.0,88.043,-1.0,-1.0,16,10,90.043
2021,Hungarian Grand Prix,GAS,AlphaTauri,8,50.0,76.874,76.394,76.483,5,5,78.874
2021,Hungarian Grand Prix,TSU,AlphaTauri,13,18.0,77.919,-1.0,-1.0,16,6,79.919
2021,Belgian Grand Prix,GAS,AlphaTauri,9,54.0,120.387,116.44,121.164,6,6,122.387
2021,Belgian Grand Prix,TSU,AlphaTauri,13,18.0,122.413,-1.0,-1.0,16,15,124.413
2021,Dutch Grand Prix,GAS,AlphaTauri,8,66.0,70.274,69.541,69.478,4,4,72.274
2021,Dutch Grand Prix,TSU,AlphaTauri,13,18.0,70.462,71.314,-1.0,14,19,72.462
2021,Italian Grand Prix,GAS,AlphaTauri,9,66.0,81.44,80.556,80.26,0,19,83.44
2021,Italian Grand Prix,TSU,AlphaTauri,14,18.0,81.973,-1.0,-1.0,0,20,83.973
2021,Russian Grand Prix,GAS,AlphaTauri,9,66.0,107.828,106.64099999999999,-1.0,11,13,109.828
2021,Russian Grand Prix,TSU,AlphaTauri,14,18.0,108.854,106.751,-1.0,12,17,110.854
2021,Turkish Grand Prix,GAS,AlphaTauri,9,74.0,84.70400000000001,83.81700000000001,83.326,4,6,86.70400000000001
2021,Turkish Grand Prix,TSU,AlphaTauri,14,18.0,85.40899999999999,84.054,84.368,9,14,87.40899999999999
2021,United States Grand Prix,GAS,AlphaTauri,9,74.0,94.56700000000001,94.583,94.118,8,20,96.56700000000001
2021,United States Grand Prix,TSU,AlphaTauri,14,20.0,95.36,95.137,94.918,10,9,97.36
2021,Mexico City Grand Prix,GAS,AlphaTauri,9,86.0,76.908,76.955,76.456,5,4,78.908
2021,Mexico City Grand Prix,TSU,AlphaTauri,14,20.0,77.33,76.701,77.158,17,20,79.33
2021,São Paulo Grand Prix,GAS,AlphaTauri,9,92.0,69.347,68.903,68.777,7,7,71.347
2021,São Paulo Grand Prix,TSU,AlphaTauri,14,20.0,69.35,69.483,-1.0,15,15,71.35
2021,Qatar Grand Prix,GAS,AlphaTauri,9,92.0,82.535,81.72800000000001,81.64,2,11,84.535
2021,Qatar Grand Prix,TSU,AlphaTauri,14,20.0,82.458,82.05799999999999,81.881,8,13,84.458
2021,Saudi Arabian Grand Prix,GAS,AlphaTauri,9,100.0,88.401,88.314,88.125,6,6,90.401
2021,Saudi Arabian Grand Prix,TSU,AlphaTauri,14,20.0,88.503,88.22200000000001,88.44200000000001,8,14,90.503
2021,Abu Dhabi Grand Prix,GAS,AlphaTauri,9,110.0,83.489,84.043,-1.0,12,5,85.489
2021,Abu Dhabi Grand Prix,TSU,AlphaTauri,14,32.0,83.428,83.404,83.22,8,4,85.428
2022,Bahrain Grand Prix,GAS,AlphaTauri,20,0.0,92.096,91.635,92.338,10,20,94.096
2022,Bahrain Grand Prix,TSU,AlphaTauri,8,4.0,92.75,-1.0,-1.0,16,8,94.75
2022,Saudi Arabian Grand Prix,GAS,AlphaTauri,12,4.0,89.89099999999999,89.418,89.254,9,8,91.89099999999999
2022,Saudi Arabian Grand Prix,TSU,AlphaTauri,11,4.0,-1.0,-1.0,-1.0,19,19,1.0
2022,Australian Grand Prix,GAS,AlphaTauri,12,6.0,79.58,79.226,-1.0,11,9,81.58
2022,Australian Grand Prix,TSU,AlphaTauri,13,4.0,79.742,79.424,-1.0,13,15,81.742
2022,Emilia Romagna Grand Prix,GAS,AlphaTauri,13,6.0,80.732,-1.0,-1.0,17,12,82.732
2022,Emilia Romagna Grand Prix,TSU,AlphaTauri,12,10.0,80.474,-1.0,-1.0,12,7,82.474
2022,Miami Grand Prix,GAS,AlphaTauri,13,6.0,90.779,90.128,89.69,7,18,92.779
2022,Miami Grand Prix,TSU,AlphaTauri,12,10.0,90.485,90.031,89.932,9,12,92.485
2022,Spanish Grand Prix,GAS,AlphaTauri,13,6.0,80.719,80.861,-1.0,14,13,82.719
2022,Spanish Grand Prix,TSU,AlphaTauri,11,11.0,80.707,80.639,-1.0,13,10,82.707
2022,Monaco Grand Prix,GAS,AlphaTauri,14,6.0,73.66,-1.0,-1.0,17,11,75.66
2022,Monaco Grand Prix,TSU,AlphaTauri,12,11.0,73.11,72.797,-1.0,11,17,75.11
2022,Azerbaijan Grand Prix,GAS,AlphaTauri,10,16.0,103.268,103.12899999999999,102.845,6,5,105.268
2022,Azerbaijan Grand Prix,TSU,AlphaTauri,15,11.0,103.595,103.376,103.056,8,13,105.595
2022,Canadian Grand Prix,GAS,AlphaTauri,11,16.0,94.49199999999999,-1.0,-1.0,15,14,96.49199999999999
2022,Canadian Grand Prix,TSU,AlphaTauri,15,11.0,96.575,-1.0,-1.0,20,18,98.575
2022,British Grand Prix,GAS,AlphaTauri,11,16.0,101.68,103.702,-1.0,11,16,103.68
2022,British Grand Prix,TSU,AlphaTauri,15,11.0,101.893,104.311,-1.0,13,14,103.893
2022,Austrian Grand Prix,GAS,AlphaTauri,13,16.0,66.589,66.16,-1.0,14,15,68.589
2022,Austrian Grand Prix,TSU,AlphaTauri,16,11.0,66.463,66.851,-1.0,16,16,68.463
2022,French Grand Prix,GAS,AlphaTauri,13,16.0,93.439,-1.0,-1.0,14,12,95.439
2022,French Grand Prix,TSU,AlphaTauri,16,11.0,93.394,92.836,92.78,8,20,95.394
2022,Hungarian Grand Prix,GAS,AlphaTauri,13,16.0,79.527,-1.0,-1.0,0,12,81.527
2022,Hungarian Grand Prix,TSU,AlphaTauri,16,11.0,79.24,-1.0,-1.0,16,19,81.24
2022,Belgian Grand Prix,GAS,AlphaTauri,14,18.0,106.18299999999999,105.827,-1.0,0,9,108.18299999999999
2022,Belgian Grand Prix,TSU,AlphaTauri,16,11.0,106.69200000000001,-1.0,-1.0,0,13,108.69200000000001
2022,Dutch Grand Prix,GAS,AlphaTauri,14,18.0,71.705,71.512,-1.0,11,11,73.705
2022,Dutch Grand Prix,TSU,AlphaTauri,16,11.0,71.42699999999999,71.428,72.556,9,20,73.42699999999999
2022,Italian Grand Prix,GAS,AlphaTauri,11,22.0,82.01,82.062,82.648,5,8,84.01
2022,Italian Grand Prix,TSU,AlphaTauri,16,11.0,82.02,-1.0,-1.0,20,14,84.02
2022,Singapore Grand Prix,GAS,AlphaTauri,13,23.0,115.606,113.54599999999999,111.211,7,10,117.606
2022,Singapore Grand Prix,TSU,AlphaTauri,17,11.0,115.314,113.848,111.983,10,15,117.314
2022,Japanese Grand Prix,GAS,AlphaTauri,13,23.0,91.322,-1.0,-1.0,17,18,93.322
2022,Japanese Grand Prix,TSU,AlphaTauri,17,11.0,91.13,90.80799999999999,-1.0,13,13,93.13
2022,United States Grand Prix,GAS,AlphaTauri,14,23.0,96.577,96.74000000000001,-1.0,11,14,98.577
2022,United States Grand Prix,TSU,AlphaTauri,17,12.0,96.80799999999999,97.14699999999999,-1.0,19,10,98.80799999999999
2022,Mexico City Grand Prix,GAS,AlphaTauri,14,23.0,80.256,79.672,-1.0,14,11,82.256
2022,Mexico City Grand Prix,TSU,AlphaTauri,17,12.0,79.907,79.589,-1.0,13,20,81.907
2022,Brazilian Grand Prix,GAS,AlphaTauri,14,23.0,74.371,71.675,-1.0,10,14,76.371
2022,Brazilian Grand Prix,TSU,AlphaTauri,17,12.0,76.264,-1.0,-1.0,0,17,78.264
2022,Abu Dhabi Grand Prix,GAS,AlphaTauri,14,23.0,85.85900000000001,-1.0,-1.0,17,14,87.85900000000001
2022,Abu Dhabi Grand Prix,TSU,AlphaTauri,17,12.0,85.63,85.219,-1.0,11,11,87.63
2023,Bahrain Grand Prix,TSU,AlphaTauri,11,0.0,91.4,92.50999999999999,-1.0,14,11,95.015
2023,Bahrain Grand Prix,DEV,AlphaTauri,14,0.0,92.12100000000001,-1.0,-1.0,19,14,95.402
2023,Saudi Arabian Grand Prix,TSU,AlphaTauri,14,0.0,89.939,-1.0,-1.0,16,11,91.11
2023,Saudi Arabian Grand Prix,DEV,AlphaTauri,18,0.0,90.244,-1.0,-1.0,18,14,91.45
2023,Australian Grand Prix,TSU,AlphaTauri,16,1.0,78.471,78.099,-1.0,12,10,80.399
2023,Australian Grand Prix,DEV,AlphaTauri,20,0.0,78.45,78.33500000000001,-1.0,15,15,79.933
2023,Azerbaijan Grand Prix,TSU,AlphaTauri,16,2.0,102.23400000000001,101.569,101.581,8,10,104.137
2023,Azerbaijan Grand Prix,DEV,AlphaTauri,20,0.0,-1.0,-1.0,-1.0,18,20,103.414
2023,Miami Grand Prix,TSU,AlphaTauri,16,2.0,88.429,-1.0,-1.0,17,11,92.169
2023,Miami Grand Prix,DEV,AlphaTauri,20,0.0,88.325,88.395,-1.0,15,18,94.637
2023,Monaco Grand Prix,TSU,AlphaTauri,16,2.0,72.642,72.249,72.082,9,15,74.82
2023,Monaco Grand Prix,DEV,AlphaTauri,19,0.0,73.054,72.428,-1.0,12,12,75.083
2023,Spanish Grand Prix,TSU,AlphaTauri,16,2.0,73.862,74.477,-1.0,15,12,75.915
2023,Spanish Grand Prix,DEV,AlphaTauri,19,0.0,73.581,74.083,-1.0,14,14,75.504
2023,Canadian Grand Prix,TSU,AlphaTauri,17,2.0,82.746,-1.0,-1.0,19,14,0.0
2023,Canadian Grand Prix,DEV,AlphaTauri,19,0.0,83.137,-1.0,-1.0,17,18,92.274
2023,Austrian Grand Prix,TSU,AlphaTauri,17,2.0,65.784,-1.0,-1.0,16,19,67.784
2023,Austrian Grand Prix,DEV,AlphaTauri,20,0.0,65.974,-1.0,-1.0,0,17,67.974
2023,British Grand Prix,TSU,AlphaTauri,17,2.0,90.025,-1.0,-1.0,16,16,92.025
2023,British Grand Prix,DEV,AlphaTauri,20,0.0,90.513,-1.0,-1.0,18,17,92.513
2023,Hungarian Grand Prix,RIC,AlphaTauri,21,0.0,78.906,78.002,-1.0,13,13,0.0
2023,Hungarian Grand Prix,TSU,AlphaTauri,17,2.0,78.919,-1.0,-1.0,17,15,105.575
2023,Belgian Grand Prix,RIC,AlphaTauri,21,0.0,122.159,-1.0,-1.0,19,16,0.0
2023,Belgian Grand Prix,TSU,AlphaTauri,17,3.0,119.044,113.148,-1.0,11,10,0.0
2021,Bahrain Grand Prix,RUS,Williams,14,0.0,91.316,93.43,-1.0,15,14,93.316
2021,Bahrain Grand Prix,LAT,Williams,18,0.0,91.936,-1.0,-1.0,17,18,93.936
2021,Emilia Romagna Grand Prix,RUS,Williams,16,0.0,75.826,75.261,-1.0,12,19,77.826
2021,Emilia Romagna Grand Prix,LAT,Williams,20,0.0,75.653,75.593,-1.0,14,20,77.653
2021,Portuguese Grand Prix,RUS,Williams,17,0.0,79.797,79.10900000000001,-1.0,11,16,81.797
2021,Portuguese Grand Prix,LAT,Williams,20,0.0,80.285,-1.0,-1.0,18,18,82.285
2021,Spanish Grand Prix,RUS,Williams,17,0.0,78.445,79.154,-1.0,15,14,80.445
2021,Spanish Grand Prix,LAT,Williams,19,0.0,79.219,-1.0,-1.0,19,16,81.219
2021,Monaco Grand Prix,RUS,Williams,17,0.0,72.016,71.83,-1.0,15,14,74.016
2021,Monaco Grand Prix,LAT,Williams,18,0.0,72.366,-1.0,-1.0,18,15,74.366
2021,Azerbaijan Grand Prix,RUS,Williams,18,0.0,102.72800000000001,102.75800000000001,-1.0,15,17,104.72800000000001
2021,Azerbaijan Grand Prix,LAT,Williams,20,0.0,103.128,-1.0,-1.0,16,16,105.128
2021,French Grand Prix,RUS,Williams,17,0.0,93.06,92.065,-1.0,14,12,95.06
2021,French Grand Prix,LAT,Williams,20,0.0,93.062,-1.0,-1.0,16,18,95.062
2021,Styrian Grand Prix,RUS,Williams,17,0.0,65.033,64.671,-1.0,10,19,67.033
2021,Styrian Grand Prix,LAT,Williams,20,0.0,65.175,-1.0,-1.0,16,17,67.175
2021,Austrian Grand Prix,RUS,Williams,17,0.0,64.907,64.553,64.591,8,11,66.907
2021,Austrian Grand Prix,LAT,Williams,20,0.0,65.195,-1.0,-1.0,18,16,67.195
2021,British Grand Prix,RUS,Williams,17,0.0,87.67099999999999,87.08,86.971,12,12,89.67099999999999
2021,British Grand Prix,LAT,Williams,19,0.0,88.254,-1.0,-1.0,17,14,90.254
2021,Hungarian Grand Prix,RUS,Williams,16,4.0,77.944,-1.0,-1.0,17,8,79.944
2021,Hungarian Grand Prix,LAT,Williams,15,6.0,78.036,-1.0,-1.0,18,7,80.036
2021,Belgian Grand Prix,RUS,Williams,15,13.0,119.864,116.95,120.086,2,2,121.864
2021,Belgian Grand Prix,LAT,Williams,16,7.0,120.966,118.056,-1.0,10,9,122.966
2021,Dutch Grand Prix,RUS,Williams,15,13.0,70.382,70.332,-1.0,11,17,72.382
2021,Dutch Grand Prix,LAT,Williams,16,7.0,70.093,71.161,-1.0,0,16,72.093
2021,Italian Grand Prix,RUS,Williams,15,15.0,81.89,81.392,-1.0,14,9,83.89
2021,Italian Grand Prix,LAT,Williams,16,7.0,81.925,-1.0,-1.0,13,11,83.925
2021,Russian Grand Prix,RUS,Williams,15,16.0,108.303,106.435,102.983,3,10,110.303
2021,Russian Grand Prix,LAT,Williams,16,7.0,108.25200000000001,-1.0,-1.0,18,19,110.25200000000001
2021,Turkish Grand Prix,RUS,Williams,15,16.0,85.417,85.007,-1.0,13,15,87.417
2021,Turkish Grand Prix,LAT,Williams,16,7.0,86.086,-1.0,-1.0,15,17,88.086
2021,United States Grand Prix,RUS,Williams,15,16.0,95.74600000000001,-1.0,-1.0,20,14,97.74600000000001
2021,United States Grand Prix,LAT,Williams,16,7.0,95.995,-1.0,-1.0,14,15,97.995
2021,Mexico City Grand Prix,RUS,Williams,15,16.0,77.958,78.172,-1.0,16,16,79.958
2021,Mexico City Grand Prix,LAT,Williams,17,7.0,78.756,-1.0,-1.0,13,17,80.756
2021,São Paulo Grand Prix,RUS,Williams,15,16.0,69.953,-1.0,-1.0,17,13,71.953
2021,São Paulo Grand Prix,LAT,Williams,17,7.0,69.897,-1.0,-1.0,16,16,71.897
2021,Qatar Grand Prix,RUS,Williams,15,16.0,82.863,82.756,-1.0,15,17,84.863
2021,Qatar Grand Prix,LAT,Williams,17,7.0,83.213,-1.0,-1.0,17,19,85.213
2021,Saudi Arabian Grand Prix,RUS,Williams,15,16.0,88.926,89.054,-1.0,14,19,90.926
2021,Saudi Arabian Grand Prix,LAT,Williams,17,7.0,89.17699999999999,-1.0,-1.0,16,12,91.17699999999999
2021,Abu Dhabi Grand Prix,RUS,Williams,15,16.0,84.423,-1.0,-1.0,17,18,86.423
2021,Abu Dhabi Grand Prix,LAT,Williams,17,7.0,84.338,-1.0,-1.0,16,16,86.338
2022,Bahrain Grand Prix,ALB,Williams,13,0.0,92.726,92.664,-1.0,14,13,94.726
2022,Bahrain Grand Prix,LAT,Williams,16,0.0,93.634,-1.0,-1.0,20,16,95.634
2022,Saudi Arabian Grand Prix,ALB,Williams,18,0.0,90.492,-1.0,-1.0,16,14,92.492
2022,Saudi Arabian Grand Prix,LAT,Williams,20,0.0,91.81700000000001,-1.0,-1.0,18,18,93.81700000000001
2022,Australian Grand Prix,ALB,Williams,16,1.0,80.135,-1.0,-1.0,20,10,82.135
2022,Australian Grand Prix,LAT,Williams,20,0.0,81.372,-1.0,-1.0,18,16,83.372
2022,Emilia Romagna Grand Prix,ALB,Williams,17,1.0,-1.0,-1.0,-1.0,18,11,1.0
2022,Emilia Romagna Grand Prix,LAT,Williams,21,0.0,81.971,-1.0,-1.0,19,16,83.971
2022,Miami Grand Prix,ALB,Williams,15,3.0,91.26599999999999,-1.0,-1.0,18,9,93.26599999999999
2022,Miami Grand Prix,LAT,Williams,21,0.0,91.325,-1.0,-1.0,19,14,93.325
2022,Spanish Grand Prix,ALB,Williams,16,3.0,81.645,-1.0,-1.0,18,18,83.645
2022,Spanish Grand Prix,LAT,Williams,21,0.0,81.91499999999999,-1.0,-1.0,19,16,83.91499999999999
2022,Monaco Grand Prix,ALB,Williams,16,3.0,73.611,-1.0,-1.0,16,18,75.611
2022,Monaco Grand Prix,LAT,Williams,21,0.0,74.403,-1.0,-1.0,19,15,76.403
2022,Azerbaijan Grand Prix,ALB,Williams,16,3.0,104.719,-1.0,-1.0,17,12,106.719
2022,Azerbaijan Grand Prix,LAT,Williams,21,0.0,105.36699999999999,-1.0,-1.0,18,15,107.36699999999999
2022,Canadian Grand Prix,ALB,Williams,17,3.0,94.047,86.858,-1.0,12,13,96.047
2022,Canadian Grand Prix,LAT,Williams,21,0.0,95.66,-1.0,-1.0,18,16,97.66
2022,British Grand Prix,ALB,Williams,18,3.0,102.078,-1.0,-1.0,16,20,104.078
2022,British Grand Prix,LAT,Williams,20,0.0,101.99799999999999,103.273,123.095,10,12,103.99799999999999
2022,Austrian Grand Prix,ALB,Williams,18,3.0,66.516,66.23,-1.0,15,12,68.516
2022,Austrian Grand Prix,LAT,Williams,20,0.0,67.003,-1.0,-1.0,17,19,69.003
2022,French Grand Prix,ALB,Williams,19,3.0,93.423,93.307,-1.0,13,13,95.423
2022,French Grand Prix,LAT,Williams,20,0.0,93.794,-1.0,-1.0,18,17,95.794
2022,Hungarian Grand Prix,ALB,Williams,19,3.0,79.256,-1.0,-1.0,17,17,81.256
2022,Hungarian Grand Prix,LAT,Williams,20,0.0,79.57,-1.0,-1.0,19,18,81.57
2022,Belgian Grand Prix,ALB,Williams,18,4.0,105.672,105.675,105.837,6,10,107.672
2022,Belgian Grand Prix,LAT,Williams,20,0.0,106.40100000000001,-1.0,-1.0,11,18,108.40100000000001
2022,Dutch Grand Prix,ALB,Williams,19,4.0,71.695,71.80199999999999,-1.0,15,12,73.695
2022,Dutch Grand Prix,LAT,Williams,20,0.0,73.353,-1.0,-1.0,20,18,75.353
2022,Italian Grand Prix,LAT,Williams,21,0.0,82.587,-1.0,-1.0,10,15,84.587
2022,Italian Grand Prix,DEV,Williams,20,2.0,82.56700000000001,82.471,-1.0,8,9,84.56700000000001
2022,Singapore Grand Prix,ALB,Williams,19,4.0,116.985,-1.0,-1.0,18,17,118.985
2022,Singapore Grand Prix,LAT,Williams,21,0.0,117.532,-1.0,-1.0,19,19,119.532
2022,Japanese Grand Prix,ALB,Williams,19,4.0,91.311,-1.0,-1.0,16,20,93.311
2022,Japanese Grand Prix,LAT,Williams,20,2.0,91.511,-1.0,-1.0,20,9,93.511
2022,United States Grand Prix,ALB,Williams,19,4.0,96.932,96.368,-1.0,8,13,98.932
2022,United States Grand Prix,LAT,Williams,20,2.0,97.244,-1.0,-1.0,17,17,99.244
2022,Mexico City Grand Prix,ALB,Williams,19,4.0,80.85900000000001,-1.0,-1.0,17,12,82.85900000000001
2022,Mexico City Grand Prix,LAT,Williams,20,2.0,81.167,-1.0,-1.0,18,18,83.167
2022,Brazilian Grand Prix,ALB,Williams,19,4.0,74.324,71.631,-1.0,19,15,76.324
2022,Brazilian Grand Prix,LAT,Williams,20,2.0,75.095,-1.0,-1.0,18,16,77.095
2022,Abu Dhabi Grand Prix,ALB,Williams,19,4.0,86.02799999999999,-1.0,-1.0,19,13,88.02799999999999
2022,Abu Dhabi Grand Prix,LAT,Williams,20,2.0,86.054,-1.0,-1.0,20,19,88.054
2023,Bahrain Grand Prix,ALB,Williams,10,1.0,91.461,-1.0,-1.0,15,10,96.018
2023,Bahrain Grand Prix,SAR,Williams,12,0.0,91.652,-1.0,-1.0,16,12,95.749
2023,Saudi Arabian Grand Prix,ALB,Williams,13,1.0,89.994,-1.0,-1.0,17,19,91.03
2023,Saudi Arabian Grand Prix,SAR,Williams,16,0.0,128.51,-1.0,-1.0,20,16,91.922
2023,Australian Grand Prix,ALB,Williams,18,1.0,77.962,77.761,77.60900000000001,8,19,79.766
2023,Australian Grand Prix,SAR,Williams,19,0.0,78.557,-1.0,-1.0,18,16,80.074
2023,Azerbaijan Grand Prix,ALB,Williams,17,1.0,102.17099999999999,101.818,-1.0,12,12,103.628
2023,Azerbaijan Grand Prix,SAR,Williams,19,0.0,102.24199999999999,102.39500000000001,-1.0,14,16,104.9
2023,Miami Grand Prix,ALB,Williams,18,1.0,88.23400000000001,87.795,-1.0,11,14,91.903
2023,Miami Grand Prix,SAR,Williams,19,0.0,88.577,-1.0,-1.0,20,20,92.619
2023,Monaco Grand Prix,ALB,Williams,18,1.0,72.706,72.527,-1.0,13,14,74.666
2023,Monaco Grand Prix,SAR,Williams,20,0.0,73.113,-1.0,-1.0,16,18,75.557
2023,Spanish Grand Prix,ALB,Williams,18,1.0,74.063,-1.0,-1.0,18,16,76.63
2023,Spanish Grand Prix,SAR,Williams,20,0.0,74.699,-1.0,-1.0,20,20,76.506
2023,Canadian Grand Prix,ALB,Williams,12,7.0,81.938,78.725,-1.0,9,7,0.0
2023,Canadian Grand Prix,SAR,Williams,20,0.0,83.337,-1.0,-1.0,18,20,109.568
2023,Austrian Grand Prix,ALB,Williams,13,7.0,65.673,65.387,65.82300000000001,10,11,67.673
2023,Austrian Grand Prix,SAR,Williams,19,0.0,65.94800000000001,-1.0,-1.0,18,13,67.94800000000001
2023,British Grand Prix,ALB,Williams,13,11.0,89.46600000000001,88.06700000000001,87.53,8,8,91.46600000000001
2023,British Grand Prix,SAR,Williams,19,0.0,89.873,89.031,-1.0,14,11,91.873
2023,Hungarian Grand Prix,ALB,Williams,13,11.0,78.917,-1.0,-1.0,16,11,104.854
2023,Hungarian Grand Prix,SAR,Williams,19,0.0,79.248,-1.0,-1.0,20,18,101.416
2023,Belgian Grand Prix,ALB,Williams,13,11.0,120.314,-1.0,-1.0,15,14,0.0
2023,Belgian Grand Prix,SAR,Williams,19,0.0,121.535,-1.0,-1.0,18,17,0.0
2021,Bahrain Grand Prix,MSC,Haas F1 Team,16,0.0,92.449,-1.0,-1.0,18,16,94.449
2021,Bahrain Grand Prix,MAZ,Haas F1 Team,20,0.0,93.273,-1.0,-1.0,19,20,95.273
2021,Emilia Romagna Grand Prix,MSC,Haas F1 Team,18,0.0,76.279,-1.0,-1.0,18,16,78.279
2021,Emilia Romagna Grand Prix,MAZ,Haas F1 Team,19,0.0,76.797,-1.0,-1.0,19,17,78.797
2021,Portuguese Grand Prix,MSC,Haas F1 Team,18,0.0,80.452,-1.0,-1.0,19,17,82.452
2021,Portuguese Grand Prix,MAZ,Haas F1 Team,19,0.0,80.912,-1.0,-1.0,20,19,82.912
2021,Spanish Grand Prix,MSC,Haas F1 Team,18,0.0,79.117,-1.0,-1.0,18,18,81.117
2021,Spanish Grand Prix,MAZ,Haas F1 Team,20,0.0,79.807,-1.0,-1.0,20,19,81.807
2021,Monaco Grand Prix,MAZ,Haas F1 Team,20,0.0,72.958,-1.0,-1.0,19,17,74.958
2021,Azerbaijan Grand Prix,MSC,Haas F1 Team,17,0.0,104.158,-1.0,-1.0,17,13,106.158
2021,Azerbaijan Grand Prix,MAZ,Haas F1 Team,19,0.0,104.238,-1.0,-1.0,18,14,106.238
2021,French Grand Prix,MSC,Haas F1 Team,18,0.0,92.94200000000001,-1.0,-1.0,15,19,94.94200000000001
2021,French Grand Prix,MAZ,Haas F1 Team,19,0.0,93.554,-1.0,-1.0,18,20,95.554
2021,Styrian Grand Prix,MSC,Haas F1 Team,18,0.0,66.041,-1.0,-1.0,19,16,68.041
2021,Styrian Grand Prix,MAZ,Haas F1 Team,19,0.0,66.19200000000001,-1.0,-1.0,20,18,68.19200000000001
2021,Austrian Grand Prix,MSC,Haas F1 Team,18,0.0,65.42699999999999,-1.0,-1.0,19,18,67.42699999999999
2021,Austrian Grand Prix,MAZ,Haas F1 Team,19,0.0,65.951,-1.0,-1.0,20,19,67.951
2021,British Grand Prix,MSC,Haas F1 Team,18,0.0,88.738,-1.0,-1.0,18,18,90.738
2021,British Grand Prix,MAZ,Haas F1 Team,20,0.0,89.051,-1.0,-1.0,19,17,91.051
2021,Hungarian Grand Prix,MSC,Haas F1 Team,19,0.0,-1.0,-1.0,-1.0,20,12,1.0
2021,Hungarian Grand Prix,MAZ,Haas F1 Team,20,0.0,78.922,-1.0,-1.0,19,14,80.922
2021,Belgian Grand Prix,MSC,Haas F1 Team,19,0.0,123.973,-1.0,-1.0,17,16,125.973
2021,Belgian Grand Prix,MAZ,Haas F1 Team,20,0.0,124.939,-1.0,-1.0,18,17,126.939
2021,Dutch Grand Prix,MSC,Haas F1 Team,19,0.0,71.387,-1.0,-1.0,17,18,73.387
2021,Dutch Grand Prix,MAZ,Haas F1 Team,20,0.0,71.875,-1.0,-1.0,18,20,73.875
2021,Italian Grand Prix,MSC,Haas F1 Team,19,0.0,82.248,-1.0,-1.0,18,15,84.248
2021,Italian Grand Prix,MAZ,Haas F1 Team,21,0.0,82.71600000000001,-1.0,-1.0,16,16,84.71600000000001
2021,Russian Grand Prix,MSC,Haas F1 Team,19,0.0,109.83,-1.0,-1.0,14,20,111.83
2021,Russian Grand Prix,MAZ,Haas F1 Team,21,0.0,113.76400000000001,-1.0,-1.0,15,18,115.76400000000001
2021,Turkish Grand Prix,MSC,Haas F1 Team,19,0.0,85.555,85.2,-1.0,14,19,87.555
2021,Turkish Grand Prix,MAZ,Haas F1 Team,21,0.0,88.449,-1.0,-1.0,18,20,90.449
2021,United States Grand Prix,MSC,Haas F1 Team,19,0.0,96.499,-1.0,-1.0,16,16,98.499
2021,United States Grand Prix,MAZ,Haas F1 Team,21,0.0,96.79599999999999,-1.0,-1.0,17,17,98.79599999999999
2021,Mexico City Grand Prix,MSC,Haas F1 Team,19,0.0,78.858,-1.0,-1.0,14,19,80.858
2021,Mexico City Grand Prix,MAZ,Haas F1 Team,21,0.0,79.303,-1.0,-1.0,15,18,81.303
2021,São Paulo Grand Prix,MSC,Haas F1 Team,19,0.0,70.32900000000001,-1.0,-1.0,18,18,72.32900000000001
2021,São Paulo Grand Prix,MAZ,Haas F1 Team,21,0.0,70.589,-1.0,-1.0,19,17,72.589
2021,Qatar Grand Prix,MSC,Haas F1 Team,19,0.0,83.407,-1.0,-1.0,19,16,85.407
2021,Qatar Grand Prix,MAZ,Haas F1 Team,21,0.0,85.85900000000001,-1.0,-1.0,20,18,87.85900000000001
2021,Saudi Arabian Grand Prix,MSC,Haas F1 Team,19,0.0,89.464,-1.0,-1.0,19,20,91.464
2021,Saudi Arabian Grand Prix,MAZ,Haas F1 Team,21,0.0,90.473,-1.0,-1.0,20,18,92.473
2021,Abu Dhabi Grand Prix,MSC,Haas F1 Team,19,0.0,84.906,-1.0,-1.0,19,14,86.906
2021,Abu Dhabi Grand Prix,MAZ,Haas F1 Team,21,0.0,85.685,-1.0,-1.0,20,20,87.685
2022,Bahrain Grand Prix,MAG,Haas F1 Team,5,10.0,91.955,91.461,91.80799999999999,7,5,93.955
2022,Bahrain Grand Prix,MSC,Haas F1 Team,11,0.0,92.38,91.998,-1.0,12,11,94.38
2022,Saudi Arabian Grand Prix,MAG,Haas F1 Team,8,12.0,89.831,89.54599999999999,89.588,10,9,91.831
2022,Saudi Arabian Grand Prix,MSC,Haas F1 Team,15,0.0,90.167,89.92,-1.0,0,20,92.167
2022,Australian Grand Prix,MAG,Haas F1 Team,9,12.0,80.254,-1.0,-1.0,16,14,82.254
2022,Australian Grand Prix,MSC,Haas F1 Team,17,0.0,80.104,80.465,-1.0,15,13,82.104
2022,Emilia Romagna Grand Prix,MAG,Haas F1 Team,10,15.0,80.14699999999999,79.902,89.164,8,9,82.14699999999999
2022,Emilia Romagna Grand Prix,MSC,Haas F1 Team,19,0.0,80.422,80.916,-1.0,10,17,82.422
2022,Miami Grand Prix,MAG,Haas F1 Team,10,15.0,90.975,-1.0,-1.0,16,16,92.975
2022,Miami Grand Prix,MSC,Haas F1 Team,19,0.0,90.645,90.423,-1.0,15,15,92.645
2022,Spanish Grand Prix,MAG,Haas F1 Team,10,15.0,80.227,79.81,79.682,8,17,82.227
2022,Spanish Grand Prix,MSC,Haas F1 Team,19,0.0,80.68299999999999,80.436,80.368,10,14,82.68299999999999
2022,Monaco Grand Prix,MAG,Haas F1 Team,10,15.0,73.069,72.92099999999999,-1.0,13,20,75.069
2022,Monaco Grand Prix,MSC,Haas F1 Team,19,0.0,73.469,73.081,-1.0,15,19,75.469
2022,Azerbaijan Grand Prix,MAG,Haas F1 Team,12,15.0,104.643,-1.0,-1.0,16,17,106.643
2022,Azerbaijan Grand Prix,MSC,Haas F1 Team,19,0.0,105.775,-1.0,-1.0,20,14,107.775
2022,Canadian Grand Prix,MAG,Haas F1 Team,12,15.0,92.957,86.254,82.96000000000001,5,17,94.957
2022,Canadian Grand Prix,MSC,Haas F1 Team,19,0.0,93.707,85.684,83.356,6,19,95.707
2022,British Grand Prix,MAG,Haas F1 Team,12,16.0,102.15899999999999,-1.0,-1.0,17,10,104.15899999999999
2022,British Grand Prix,MSC,Haas F1 Team,17,4.0,102.708,-1.0,-1.0,19,8,104.708
2022,Austrian Grand Prix,MAG,Haas F1 Team,11,22.0,66.366,65.894,65.879,7,8,68.366
2022,Austrian Grand Prix,MSC,Haas F1 Team,15,12.0,66.405,66.151,66.011,9,6,68.405
2022,French Grand Prix,MAG,Haas F1 Team,11,22.0,92.756,92.649,-1.0,20,18,94.756
2022,French Grand Prix,MSC,Haas F1 Team,15,12.0,93.701,-1.0,-1.0,17,15,95.701
2022,Hungarian Grand Prix,MAG,Haas F1 Team,11,22.0,78.993,78.825,-1.0,13,16,80.993
2022,Hungarian Grand Prix,MSC,Haas F1 Team,15,12.0,79.164,79.202,-1.0,15,14,81.164
2022,Belgian Grand Prix,MAG,Haas F1 Team,11,22.0,106.557,-1.0,-1.0,12,16,108.557
2022,Belgian Grand Prix,MSC,Haas F1 Team,15,12.0,106.342,107.718,-1.0,19,17,108.342
2022,Dutch Grand Prix,MAG,Haas F1 Team,11,22.0,72.319,-1.0,-1.0,18,15,74.319
2022,Dutch Grand Prix,MSC,Haas F1 Team,15,12.0,71.741,71.42,71.44200000000001,8,13,73.741
2022,Italian Grand Prix,MAG,Haas F1 Team,12,22.0,82.908,-1.0,-1.0,16,16,84.908
2022,Italian Grand Prix,MSC,Haas F1 Team,15,12.0,83.005,-1.0,-1.0,17,12,85.005
2022,Singapore Grand Prix,MAG,Haas F1 Team,14,22.0,115.10300000000001,114.006,111.57300000000001,9,12,117.10300000000001
2022,Singapore Grand Prix,MSC,Haas F1 Team,16,12.0,115.73599999999999,114.37,-1.0,12,13,117.73599999999999
2022,Japanese Grand Prix,MAG,Haas F1 Team,14,22.0,91.352,-1.0,-1.0,18,14,93.352
2022,Japanese Grand Prix,MSC,Haas F1 Team,16,12.0,91.152,91.439,-1.0,15,17,93.152
2022,United States Grand Prix,MAG,Haas F1 Team,13,24.0,96.949,-1.0,-1.0,13,9,98.949
2022,United States Grand Prix,MSC,Haas F1 Team,16,12.0,97.11099999999999,-1.0,-1.0,16,15,99.11099999999999
2022,Mexico City Grand Prix,MAG,Haas F1 Team,13,24.0,80.293,79.833,-1.0,19,17,82.293
2022,Mexico City Grand Prix,MSC,Haas F1 Team,16,12.0,80.419,-1.0,-1.0,15,16,82.419
2022,Brazilian Grand Prix,MAG,Haas F1 Team,13,25.0,73.95400000000001,71.41,71.674,8,19,75.95400000000001
2022,Brazilian Grand Prix,MSC,Haas F1 Team,16,12.0,76.361,-1.0,-1.0,12,13,78.361
2022,Abu Dhabi Grand Prix,MAG,Haas F1 Team,13,25.0,85.834,-1.0,-1.0,16,17,87.834
2022,Abu Dhabi Grand Prix,MSC,Haas F1 Team,16,12.0,85.711,85.225,-1.0,12,16,87.711
2023,Bahrain Grand Prix,HUL,Haas F1 Team,15,0.0,91.20400000000001,90.809,-1.0,10,15,95.043
2023,Bahrain Grand Prix,MAG,Haas F1 Team,13,0.0,91.892,-1.0,-1.0,17,13,94.402
2023,Saudi Arabian Grand Prix,HUL,Haas F1 Team,15,0.0,89.547,89.451,-1.0,10,12,91.552
2023,Saudi Arabian Grand Prix,MAG,Haas F1 Team,12,1.0,89.744,89.634,-1.0,13,10,91.566
2023,Australian Grand Prix,HUL,Haas F1 Team,9,6.0,78.029,77.412,77.735,10,7,79.806
2023,Australian Grand Prix,MAG,Haas F1 Team,17,1.0,78.15899999999999,78.129,-1.0,14,17,81.147
2023,Azerbaijan Grand Prix,HUL,Haas F1 Team,10,6.0,102.755,-1.0,-1.0,0,17,104.323
2023,Azerbaijan Grand Prix,MAG,Haas F1 Team,18,1.0,103.417,-1.0,-1.0,16,13,107.498
2023,Miami Grand Prix,HUL,Haas F1 Team,11,6.0,87.945,87.90299999999999,-1.0,12,15,91.392
2023,Miami Grand Prix,MAG,Haas F1 Team,17,2.0,87.809,87.673,87.767,4,10,94.637
2023,Monaco Grand Prix,HUL,Haas F1 Team,12,6.0,73.279,-1.0,-1.0,18,17,75.785
2023,Monaco Grand Prix,MAG,Haas F1 Team,17,2.0,73.27,-1.0,-1.0,17,19,74.725
2023,Spanish Grand Prix,HUL,Haas F1 Team,12,6.0,73.42,73.283,73.229,7,15,76.461
2023,Spanish Grand Prix,MAG,Haas F1 Team,17,2.0,74.042,-1.0,-1.0,17,18,75.689
2023,Canadian Grand Prix,HUL,Haas F1 Team,13,6.0,82.73,80.305,87.102,5,15,84.336
2023,Canadian Grand Prix,MAG,Haas F1 Team,18,2.0,82.351,81.678,-1.0,13,17,84.045
2023,Austrian Grand Prix,HUL,Haas F1 Team,12,9.0,65.74,65.362,65.09,8,20,67.74
2023,Austrian Grand Prix,MAG,Haas F1 Team,18,2.0,65.971,-1.0,-1.0,0,18,67.971
2023,British Grand Prix,HUL,Haas F1 Team,14,9.0,89.60300000000001,88.896,-1.0,11,13,91.60300000000001
2023,British Grand Prix,MAG,Haas F1 Team,18,2.0,92.378,-1.0,-1.0,19,19,94.378
2023,Hungarian Grand Prix,HUL,Haas F1 Team,14,9.0,78.695,77.652,77.186,10,14,102.706
2023,Hungarian Grand Prix,MAG,Haas F1 Team,18,2.0,79.206,-1.0,-1.0,19,17,102.906
2023,Belgian Grand Prix,HUL,Haas F1 Team,14,9.0,123.166,-1.0,-1.0,0,18,0.0
2023,Belgian Grand Prix,MAG,Haas F1 Team,18,2.0,120.02,114.16,-1.0,16,15,0.0
2024,Bahrain Grand Prix,VER,Red Bull,1,26.0,90.031,89.374,89.179,1,1,93.238
2024,Bahrain Grand Prix,LEC,Ferrari,4,12.0,90.243,89.16499999999999,89.407,2,4,93.268
2024,Bahrain Grand Prix,RUS,Mercedes,5,10.0,90.35,89.922,89.485,3,5,93.251
2024,Bahrain Grand Prix,SAI,Ferrari,3,15.0,89.90899999999999,89.57300000000001,89.507,4,3,93.385
2024,Bahrain Grand Prix,PER,Red Bull,2,18.0,90.221,89.932,89.537,5,2,93.413
2024,Bahrain Grand Prix,ALO,Aston Martin,9,2.0,90.179,89.801,89.542,6,9,93.193
2024,Bahrain Grand Prix,NOR,McLaren,6,8.0,90.143,89.941,89.614,7,6,92.901
2024,Bahrain Grand Prix,PIA,McLaren,8,4.0,90.531,90.122,89.68299999999999,8,8,93.113
2024,Bahrain Grand Prix,HAM,Mercedes,7,6.0,90.451,89.718,89.71000000000001,9,7,93.302
2024,Bahrain Grand Prix,HUL,Haas F1 Team,16,0.0,90.566,89.851,90.502,10,16,97.938
2024,Bahrain Grand Prix,TSU,RB F1 Team,14,0.0,90.481,90.129,-1.0,11,14,93.183
2024,Bahrain Grand Prix,STR,Aston Martin,10,1.0,89.965,90.2,-1.0,12,10,93.868
2024,Bahrain Grand Prix,ALB,Williams,15,0.0,90.39699999999999,90.221,-1.0,13,15,93.583
2024,Bahrain Grand Prix,RIC,RB F1 Team,13,0.0,90.562,90.27799999999999,-1.0,14,13,92.869
2024,Bahrain Grand Prix,MAG,Haas F1 Team,12,0.0,90.646,90.529,-1.0,15,12,97.477
2024,Bahrain Grand Prix,BOT,Sauber,19,0.0,90.756,-1.0,-1.0,16,19,93.354
2024,Bahrain Grand Prix,ZHO,Sauber,11,0.0,90.757,-1.0,-1.0,17,11,93.923
2024,Bahrain Grand Prix,SAR,Williams,20,0.0,90.77,-1.0,-1.0,18,20,94.213
2024,Bahrain Grand Prix,OCO,Alpine F1 Team,17,0.0,90.793,-1.0,-1.0,19,17,94.807
2024,Bahrain Grand Prix,GAS,Alpine F1 Team,18,0.0,90.94800000000001,-1.0,-1.0,20,18,95.144
2024,Saudi Arabian Grand Prix,VER,Red Bull,1,51.0,88.17099999999999,88.033,87.47200000000001,1,1,89.659
2024,Saudi Arabian Grand Prix,LEC,Ferrari,3,28.0,88.318,88.112,87.791,2,3,90.03
2024,Saudi Arabian Grand Prix,PER,Red Bull,2,36.0,88.638,88.467,87.807,3,2,89.868
2024,Saudi Arabian Grand Prix,ALO,Aston Martin,7,12.0,88.706,88.122,87.846,4,7,89.845
2024,Saudi Arabian Grand Prix,PIA,McLaren,5,16.0,88.755,88.343,88.089,5,5,90.977
2024,Saudi Arabian Grand Prix,NOR,McLaren,8,12.0,88.805,88.479,88.132,6,8,90.231
2024,Saudi Arabian Grand Prix,RUS,Mercedes,4,18.0,88.749,88.44800000000001,88.316,7,4,89.939
2024,Saudi Arabian Grand Prix,HAM,Mercedes,9,8.0,88.994,88.606,88.46000000000001,8,9,90.236
2024,Saudi Arabian Grand Prix,TSU,RB F1 Team,18,0.0,88.988,88.564,88.547,9,18,91.036
2024,Saudi Arabian Grand Prix,STR,Aston Martin,12,1.0,88.25,88.578,88.572,10,12,90.58
